location, category (type/method/field), original, annotated
'file:/E:/code/testAgent/skywalking-agent/skywalking-agent.jar',method,org.apache.skywalking.apm.dependencies.io.netty.bootstrap.AbstractBootstrap#initAndRegister,org.apache.skywalking.apm.network.Target_io_netty_bootstrap_AbstractBootstrap#initAndRegister
'file:/E:/code/testAgent/skywalking-agent/skywalking-agent.jar',method,org.apache.skywalking.apm.dependencies.io.netty.buffer.EmptyByteBuf#hasMemoryAddress,org.apache.skywalking.apm.network.Target_io_netty_buffer_EmptyByteBuf#hasMemoryAddress
'file:/E:/code/testAgent/skywalking-agent/skywalking-agent.jar',method,org.apache.skywalking.apm.dependencies.io.netty.buffer.EmptyByteBuf#internalNioBuffer,org.apache.skywalking.apm.network.Target_io_netty_buffer_EmptyByteBuf#internalNioBuffer
'file:/E:/code/testAgent/skywalking-agent/skywalking-agent.jar',method,org.apache.skywalking.apm.dependencies.io.netty.buffer.EmptyByteBuf#memoryAddress,org.apache.skywalking.apm.network.Target_io_netty_buffer_EmptyByteBuf#memoryAddress
'file:/E:/code/testAgent/skywalking-agent/skywalking-agent.jar',method,org.apache.skywalking.apm.dependencies.io.netty.buffer.EmptyByteBuf#nioBuffer,org.apache.skywalking.apm.network.Target_io_netty_buffer_EmptyByteBuf#nioBuffer
'file:/E:/code/testAgent/skywalking-agent/skywalking-agent.jar',method,org.apache.skywalking.apm.dependencies.io.netty.buffer.EmptyByteBuf#nioBuffers,org.apache.skywalking.apm.network.Target_io_netty_buffer_EmptyByteBuf#nioBuffers
'file:/E:/code/testAgent/skywalking-agent/skywalking-agent.jar',method,org.apache.skywalking.apm.dependencies.io.netty.channel.ChannelHandlerMask#isSkippable,org.apache.skywalking.apm.network.Target_io_netty_channel_ChannelHandlerMask#isSkippable
'file:/E:/code/testAgent/skywalking-agent/skywalking-agent.jar',method,org.apache.skywalking.apm.dependencies.io.netty.channel.nio.NioEventLoop#newTaskQueue0,org.apache.skywalking.apm.network.Target_io_netty_channel_nio_NioEventLoop#newTaskQueue0
'file:/E:/code/testAgent/skywalking-agent/skywalking-agent.jar',method,org.apache.skywalking.apm.dependencies.io.netty.handler.ssl.JdkAlpnApplicationProtocolNegotiator$AlpnWrapper#wrapSslEngine,org.apache.skywalking.apm.network.Target_io_netty_handler_ssl_JdkAlpnApplicationProtocolNegotiator_AlpnWrapper#wrapSslEngine
'file:/E:/code/testAgent/skywalking-agent/skywalking-agent.jar',method,org.apache.skywalking.apm.dependencies.io.netty.handler.ssl.JdkSslContext#toNegotiator,org.apache.skywalking.apm.network.Target_io_netty_handler_ssl_JdkSslContext#toNegotiator
'file:/E:/code/testAgent/skywalking-agent/skywalking-agent.jar',method,org.apache.skywalking.apm.dependencies.io.netty.handler.ssl.OpenSsl#isAvailable,org.apache.skywalking.apm.network.Target_io_netty_handler_ssl_OpenSsl#isAvailable
'file:/E:/code/testAgent/skywalking-agent/skywalking-agent.jar',method,org.apache.skywalking.apm.dependencies.io.netty.handler.ssl.OpenSsl#isCipherSuiteAvailable,org.apache.skywalking.apm.network.Target_io_netty_handler_ssl_OpenSsl#isCipherSuiteAvailable
'file:/E:/code/testAgent/skywalking-agent/skywalking-agent.jar',method,org.apache.skywalking.apm.dependencies.io.netty.handler.ssl.OpenSsl#version,org.apache.skywalking.apm.network.Target_io_netty_handler_ssl_OpenSsl#version
'file:/E:/code/testAgent/skywalking-agent/skywalking-agent.jar',method,org.apache.skywalking.apm.dependencies.io.netty.handler.ssl.OpenSsl#versionString,org.apache.skywalking.apm.network.Target_io_netty_handler_ssl_OpenSsl#versionString
'file:/E:/code/testAgent/skywalking-agent/skywalking-agent.jar',method,org.apache.skywalking.apm.dependencies.io.netty.handler.ssl.SslContext#newClientContextInternal,org.apache.skywalking.apm.network.Target_io_netty_handler_ssl_SslContext#newClientContextInternal
'file:/E:/code/testAgent/skywalking-agent/skywalking-agent.jar',method,org.apache.skywalking.apm.dependencies.io.netty.handler.ssl.SslContext#newServerContextInternal,org.apache.skywalking.apm.network.Target_io_netty_handler_ssl_SslContext#newServerContextInternal
'file:/E:/code/testAgent/skywalking-agent/skywalking-agent.jar',method,org.apache.skywalking.apm.dependencies.io.netty.handler.ssl.SslContext#toPrivateKey,org.apache.skywalking.apm.network.Target_SslContext#toPrivateKey
'file:/E:/code/testAgent/skywalking-agent/skywalking-agent.jar',method,org.apache.skywalking.apm.dependencies.io.netty.handler.ssl.SslHandler#setOpensslEngineSocketFd,org.apache.skywalking.apm.network.Target_SslHandler#setOpensslEngineSocketFd
'file:/E:/code/testAgent/skywalking-agent/skywalking-agent.jar',method,org.apache.skywalking.apm.dependencies.io.netty.handler.ssl.SslHandler$SslEngineType#forEngine,org.apache.skywalking.apm.network.Target_io_netty_handler_ssl_SslHandler$SslEngineType#forEngine
'file:/E:/code/testAgent/skywalking-agent/skywalking-agent.jar',method,org.apache.skywalking.apm.dependencies.io.netty.handler.ssl.SslProvider#isAlpnSupported,org.apache.skywalking.apm.network.Target_io_netty_handler_ssl_SslProvider#isAlpnSupported
'file:/E:/code/testAgent/skywalking-agent/skywalking-agent.jar',method,org.apache.skywalking.apm.dependencies.io.netty.util.concurrent.AbstractScheduledEventExecutor#defaultCurrentTimeNanos,org.apache.skywalking.apm.network.Target_io_netty_util_concurrent_AbstractScheduledEventExecutor#defaultCurrentTimeNanos
'file:/E:/code/testAgent/skywalking-agent/skywalking-agent.jar',method,org.apache.skywalking.apm.dependencies.io.netty.util.concurrent.AbstractScheduledEventExecutor#initialNanoTime,org.apache.skywalking.apm.network.Target_io_netty_util_concurrent_AbstractScheduledEventExecutor#initialNanoTime
'file:/E:/code/testAgent/skywalking-agent/skywalking-agent.jar',method,org.apache.skywalking.apm.dependencies.io.netty.util.internal.NativeLibraryLoader#tryToLoadClass,org.apache.skywalking.apm.network.Target_io_netty_util_internal_NativeLibraryLoader#tryToLoadClass
'file:/E:/code/testAgent/skywalking-agent/skywalking-agent.jar',method,org.apache.skywalking.apm.dependencies.io.netty.util.internal.logging.InternalLoggerFactory#newDefaultFactory,org.apache.skywalking.apm.network.Target_io_netty_util_internal_logging_InternalLoggerFactory#newDefaultFactory
'file:/E:/graalByIdea/lib/svm/builder/svm.jar',type,java.lang.Class,com.oracle.svm.core.hub.DynamicHub
'file:/E:/graalByIdea/lib/svm/builder/svm.jar',type,java.lang.ClassValue,com.oracle.svm.core.jdk.Target_java_lang_ClassValue
'file:/E:/graalByIdea/lib/svm/builder/svm.jar',type,java.lang.constant.Constable,com.oracle.svm.core.hub.Target_java_lang_constant_Constable
'file:/E:/graalByIdea/lib/svm/builder/svm.jar',type,java.lang.invoke.TypeDescriptor,com.oracle.svm.core.hub.Target_java_lang_invoke_TypeDescriptor
'file:/E:/graalByIdea/lib/svm/builder/svm.jar',type,java.lang.invoke.TypeDescriptor$OfField,com.oracle.svm.core.hub.Target_java_lang_invoke_TypeDescriptor_OfField
'file:/E:/graalByIdea/lib/svm/builder/svm.jar',type,java.lang.ref.Reference,com.oracle.svm.core.heap.Target_java_lang_ref_Reference
'file:/E:/graalByIdea/lib/svm/builder/svm.jar',type,jdk.internal.util.StaticProperty,com.oracle.svm.core.jdk.Target_jdk_internal_util_StaticProperty
'file:/E:/graalByIdea/lib/svm/builder/svm.jar',type,jdk.internal.vm.Continuation,com.oracle.svm.core.thread.Target_jdk_internal_vm_Continuation__WithoutLoom
'file:/E:/graalByIdea/lib/svm/builder/svm.jar',type,jdk.internal.vm.ThreadContainers,com.oracle.svm.core.thread.Target_jdk_internal_vm_ThreadContainers
'file:/E:/graalByIdea/lib/svm/builder/svm.jar',method,com.oracle.svm.core.util.VMError#shouldNotReachHere,com.oracle.svm.core.jdk.Target_com_oracle_svm_core_util_VMError#shouldNotReachHere
'file:/E:/graalByIdea/lib/svm/builder/svm.jar',method,com.oracle.svm.core.util.VMError#unimplemented,com.oracle.svm.core.jdk.Target_com_oracle_svm_core_util_VMError#unimplemented
'file:/E:/graalByIdea/lib/svm/builder/svm.jar',method,com.oracle.svm.core.util.VMError#unsupportedFeature,com.oracle.svm.core.jdk.Target_com_oracle_svm_core_util_VMError#unsupportedFeature
'file:/E:/graalByIdea/lib/svm/builder/svm.jar',method,com.sun.management.internal.OperatingSystemImpl#<init>,com.oracle.svm.core.jdk.management.Target_com_sun_management_internal_OperatingSystemImpl#<init>
'file:/E:/graalByIdea/lib/svm/builder/svm.jar',method,java.io.ObjectStreamClass#hasStaticInitializer,com.oracle.svm.core.jdk.Target_java_io_ObjectStreamClass#hasStaticInitializer
'file:/E:/graalByIdea/lib/svm/builder/svm.jar',method,java.lang.Class#arrayType,com.oracle.svm.core.hub.DynamicHub#arrayType
'file:/E:/graalByIdea/lib/svm/builder/svm.jar',method,java.lang.Class#cast,com.oracle.svm.core.hub.DynamicHub#cast
'file:/E:/graalByIdea/lib/svm/builder/svm.jar',method,java.lang.Class#checkMemberAccess,com.oracle.svm.core.hub.DynamicHub#checkMemberAccess
'file:/E:/graalByIdea/lib/svm/builder/svm.jar',method,java.lang.Class#checkPackageAccess,com.oracle.svm.core.hub.DynamicHub#checkPackageAccess
'file:/E:/graalByIdea/lib/svm/builder/svm.jar',method,java.lang.Class#componentType,com.oracle.svm.core.hub.DynamicHub#componentType
'file:/E:/graalByIdea/lib/svm/builder/svm.jar',method,java.lang.Class#copyFields,com.oracle.svm.core.hub.DynamicHub#copyFields
'file:/E:/graalByIdea/lib/svm/builder/svm.jar',method,java.lang.Class#copyMethods,com.oracle.svm.core.hub.DynamicHub#copyMethods
'file:/E:/graalByIdea/lib/svm/builder/svm.jar',method,java.lang.Class#desiredAssertionStatus,com.oracle.svm.core.hub.DynamicHub#desiredAssertionStatus
'file:/E:/graalByIdea/lib/svm/builder/svm.jar',method,java.lang.Class#forName,com.oracle.svm.core.hub.DynamicHub#forName
'file:/E:/graalByIdea/lib/svm/builder/svm.jar',method,java.lang.Class#getAnnotationsByType,com.oracle.svm.core.hub.DynamicHub#getAnnotationsByType
'file:/E:/graalByIdea/lib/svm/builder/svm.jar',method,java.lang.Class#getComponentType,com.oracle.svm.core.hub.DynamicHub#getComponentType
'file:/E:/graalByIdea/lib/svm/builder/svm.jar',method,java.lang.Class#getConstantPool,com.oracle.svm.core.hub.DynamicHub#getConstantPool
'file:/E:/graalByIdea/lib/svm/builder/svm.jar',method,java.lang.Class#getDeclaredClasses0,com.oracle.svm.core.hub.DynamicHub#getDeclaredClasses0
'file:/E:/graalByIdea/lib/svm/builder/svm.jar',method,java.lang.Class#getDeclaredConstructors0,com.oracle.svm.core.hub.DynamicHub#getDeclaredConstructors0
'file:/E:/graalByIdea/lib/svm/builder/svm.jar',method,java.lang.Class#getDeclaredField,com.oracle.svm.core.hub.DynamicHub#getDeclaredField
'file:/E:/graalByIdea/lib/svm/builder/svm.jar',method,java.lang.Class#getDeclaredFields0,com.oracle.svm.core.hub.DynamicHub#getDeclaredFields0
'file:/E:/graalByIdea/lib/svm/builder/svm.jar',method,java.lang.Class#getDeclaredMethods0,com.oracle.svm.core.hub.DynamicHub#getDeclaredMethods0
'file:/E:/graalByIdea/lib/svm/builder/svm.jar',method,java.lang.Class#getDeclaredPublicMethods,com.oracle.svm.core.hub.DynamicHub#getDeclaredPublicMethods
'file:/E:/graalByIdea/lib/svm/builder/svm.jar',method,java.lang.Class#getDeclaringClass0,com.oracle.svm.core.hub.DynamicHub#getDeclaringClass0
'file:/E:/graalByIdea/lib/svm/builder/svm.jar',method,java.lang.Class#getEnclosingMethod0,com.oracle.svm.core.hub.DynamicHub#getEnclosingMethod0
'file:/E:/graalByIdea/lib/svm/builder/svm.jar',method,java.lang.Class#getEnumConstantsShared,com.oracle.svm.core.hub.DynamicHub#getEnumConstantsShared
'file:/E:/graalByIdea/lib/svm/builder/svm.jar',method,java.lang.Class#getField,com.oracle.svm.core.hub.DynamicHub#getField
'file:/E:/graalByIdea/lib/svm/builder/svm.jar',method,java.lang.Class#getGenericInfo,com.oracle.svm.core.hub.DynamicHub#getGenericInfo
'file:/E:/graalByIdea/lib/svm/builder/svm.jar',method,java.lang.Class#getGenericSignature0,com.oracle.svm.core.hub.DynamicHub#getGenericSignature0
'file:/E:/graalByIdea/lib/svm/builder/svm.jar',method,java.lang.Class#getInterfaces0,com.oracle.svm.core.hub.DynamicHub#getInterfaces0
'file:/E:/graalByIdea/lib/svm/builder/svm.jar',method,java.lang.Class#getModifiers,com.oracle.svm.core.hub.DynamicHub#getModifiers
'file:/E:/graalByIdea/lib/svm/builder/svm.jar',method,java.lang.Class#getModule,com.oracle.svm.core.hub.DynamicHub#getModule
'file:/E:/graalByIdea/lib/svm/builder/svm.jar',method,java.lang.Class#getName,com.oracle.svm.core.hub.DynamicHub#getName
'file:/E:/graalByIdea/lib/svm/builder/svm.jar',method,java.lang.Class#getNestHost,com.oracle.svm.core.hub.DynamicHub#getNestHost
'file:/E:/graalByIdea/lib/svm/builder/svm.jar',method,java.lang.Class#getNestMembers,com.oracle.svm.core.hub.DynamicHub#getNestMembers
'file:/E:/graalByIdea/lib/svm/builder/svm.jar',method,java.lang.Class#getPackageName,com.oracle.svm.core.hub.DynamicHub#getPackageName
'file:/E:/graalByIdea/lib/svm/builder/svm.jar',method,java.lang.Class#getPermittedSubclasses0,com.oracle.svm.core.hub.DynamicHub#getPermittedSubclasses0
'file:/E:/graalByIdea/lib/svm/builder/svm.jar',method,java.lang.Class#getProtectionDomain,com.oracle.svm.core.hub.DynamicHub#getProtectionDomain
'file:/E:/graalByIdea/lib/svm/builder/svm.jar',method,java.lang.Class#getRawAnnotations,com.oracle.svm.core.hub.DynamicHub#getRawAnnotations
'file:/E:/graalByIdea/lib/svm/builder/svm.jar',method,java.lang.Class#getRawTypeAnnotations,com.oracle.svm.core.hub.DynamicHub#getRawTypeAnnotations
'file:/E:/graalByIdea/lib/svm/builder/svm.jar',method,java.lang.Class#getRecordComponents0,com.oracle.svm.core.hub.DynamicHub#getRecordComponents0
'file:/E:/graalByIdea/lib/svm/builder/svm.jar',method,java.lang.Class#getReflectionFactory,com.oracle.svm.core.hub.DynamicHub#getReflectionFactory
'file:/E:/graalByIdea/lib/svm/builder/svm.jar',method,java.lang.Class#getResourceAsStream,com.oracle.svm.core.hub.DynamicHub#getResourceAsStream
'file:/E:/graalByIdea/lib/svm/builder/svm.jar',method,java.lang.Class#getSigners,com.oracle.svm.core.hub.DynamicHub#getSigners
'file:/E:/graalByIdea/lib/svm/builder/svm.jar',method,java.lang.Class#getSimpleBinaryName0,com.oracle.svm.core.hub.DynamicHub#getSimpleBinaryName0
'file:/E:/graalByIdea/lib/svm/builder/svm.jar',method,java.lang.Class#getSuperclass,com.oracle.svm.core.hub.DynamicHub#getSuperclass
'file:/E:/graalByIdea/lib/svm/builder/svm.jar',method,java.lang.Class#isAnnotation,com.oracle.svm.core.hub.DynamicHub#isAnnotation
'file:/E:/graalByIdea/lib/svm/builder/svm.jar',method,java.lang.Class#isAnnotationPresent,com.oracle.svm.core.hub.DynamicHub#isAnnotationPresent
'file:/E:/graalByIdea/lib/svm/builder/svm.jar',method,java.lang.Class#isArray,com.oracle.svm.core.hub.DynamicHub#isArray
'file:/E:/graalByIdea/lib/svm/builder/svm.jar',method,java.lang.Class#isAssignableFrom,com.oracle.svm.core.hub.DynamicHub#isAssignableFrom
'file:/E:/graalByIdea/lib/svm/builder/svm.jar',method,java.lang.Class#isEnum,com.oracle.svm.core.hub.DynamicHub#isEnum
'file:/E:/graalByIdea/lib/svm/builder/svm.jar',method,java.lang.Class#isHidden,com.oracle.svm.core.hub.DynamicHub#isHidden
'file:/E:/graalByIdea/lib/svm/builder/svm.jar',method,java.lang.Class#isInstance,com.oracle.svm.core.hub.DynamicHub#isInstance
'file:/E:/graalByIdea/lib/svm/builder/svm.jar',method,java.lang.Class#isInterface,com.oracle.svm.core.hub.DynamicHub#isInterface
'file:/E:/graalByIdea/lib/svm/builder/svm.jar',method,java.lang.Class#isNestmateOf,com.oracle.svm.core.hub.DynamicHub#isNestmateOf
'file:/E:/graalByIdea/lib/svm/builder/svm.jar',method,java.lang.Class#isPrimitive,com.oracle.svm.core.hub.DynamicHub#isPrimitive
'file:/E:/graalByIdea/lib/svm/builder/svm.jar',method,java.lang.Class#isRecord,com.oracle.svm.core.hub.DynamicHub#isRecord
'file:/E:/graalByIdea/lib/svm/builder/svm.jar',method,java.lang.Class#isSealed,com.oracle.svm.core.hub.DynamicHub#isSealed
'file:/E:/graalByIdea/lib/svm/builder/svm.jar',method,java.lang.Class#methodToString,com.oracle.svm.core.hub.DynamicHub#methodToString
'file:/E:/graalByIdea/lib/svm/builder/svm.jar',method,java.lang.Class#protectionDomain,com.oracle.svm.core.hub.DynamicHub#protectionDomain
'file:/E:/graalByIdea/lib/svm/builder/svm.jar',method,java.lang.Class#searchMethods,com.oracle.svm.core.hub.DynamicHub#searchMethods
'file:/E:/graalByIdea/lib/svm/builder/svm.jar',method,java.lang.Class#setSigners,com.oracle.svm.core.hub.DynamicHub#setSigners
'file:/E:/graalByIdea/lib/svm/builder/svm.jar',method,java.lang.Class#toString,com.oracle.svm.core.hub.DynamicHub#toString
'file:/E:/graalByIdea/lib/svm/builder/svm.jar',method,java.lang.Class$Atomic#casAnnotationData,com.oracle.svm.core.hub.Target_java_lang_Class_Atomic#casAnnotationData
'file:/E:/graalByIdea/lib/svm/builder/svm.jar',method,java.lang.Class$Atomic#casAnnotationType,com.oracle.svm.core.hub.Target_java_lang_Class_Atomic#casAnnotationType
'file:/E:/graalByIdea/lib/svm/builder/svm.jar',method,java.lang.Class$Atomic#casReflectionData,com.oracle.svm.core.hub.Target_java_lang_Class_Atomic#casReflectionData
'file:/E:/graalByIdea/lib/svm/builder/svm.jar',method,java.lang.ClassLoader#checkClassLoaderPermission,com.oracle.svm.core.jdk.Target_java_lang_ClassLoader#checkClassLoaderPermission
'file:/E:/graalByIdea/lib/svm/builder/svm.jar',method,java.lang.ClassLoader#clearAssertionStatus,com.oracle.svm.core.jdk.Target_java_lang_ClassLoader#clearAssertionStatus
'file:/E:/graalByIdea/lib/svm/builder/svm.jar',method,java.lang.ClassLoader#createOrGetClassLoaderValueMap,com.oracle.svm.core.jdk.Target_java_lang_ClassLoader#createOrGetClassLoaderValueMap
'file:/E:/graalByIdea/lib/svm/builder/svm.jar',method,java.lang.ClassLoader#defineClass,com.oracle.svm.core.jdk.Target_java_lang_ClassLoader#defineClass
'file:/E:/graalByIdea/lib/svm/builder/svm.jar',method,java.lang.ClassLoader#defineClass0,com.oracle.svm.core.jdk.Target_java_lang_ClassLoader#defineClass0
'file:/E:/graalByIdea/lib/svm/builder/svm.jar',method,java.lang.ClassLoader#defineClass1,com.oracle.svm.core.jdk.Target_java_lang_ClassLoader#defineClass1
'file:/E:/graalByIdea/lib/svm/builder/svm.jar',method,java.lang.ClassLoader#findLoadedClass0,com.oracle.svm.core.jdk.Target_java_lang_ClassLoader#findLoadedClass0
'file:/E:/graalByIdea/lib/svm/builder/svm.jar',method,java.lang.ClassLoader#getResource,com.oracle.svm.core.jdk.Target_java_lang_ClassLoader#getResource
'file:/E:/graalByIdea/lib/svm/builder/svm.jar',method,java.lang.ClassLoader#getResourceAsStream,com.oracle.svm.core.jdk.Target_java_lang_ClassLoader#getResourceAsStream
'file:/E:/graalByIdea/lib/svm/builder/svm.jar',method,java.lang.ClassLoader#getResources,com.oracle.svm.core.jdk.Target_java_lang_ClassLoader#getResources
'file:/E:/graalByIdea/lib/svm/builder/svm.jar',method,java.lang.ClassLoader#getSystemClassLoader,com.oracle.svm.core.jdk.Target_java_lang_ClassLoader#getSystemClassLoader
'file:/E:/graalByIdea/lib/svm/builder/svm.jar',method,java.lang.ClassLoader#getSystemResourceAsStream,com.oracle.svm.core.jdk.Target_java_lang_ClassLoader#getSystemResourceAsStream
'file:/E:/graalByIdea/lib/svm/builder/svm.jar',method,java.lang.ClassLoader#getUnnamedModule,com.oracle.svm.core.jdk.Target_java_lang_ClassLoader#getUnnamedModule
'file:/E:/graalByIdea/lib/svm/builder/svm.jar',method,java.lang.ClassLoader#loadClass,com.oracle.svm.core.jdk.Target_java_lang_ClassLoader#loadClass
'file:/E:/graalByIdea/lib/svm/builder/svm.jar',method,java.lang.ClassLoader#loadLibrary,com.oracle.svm.core.jdk17.Target_java_lang_ClassLoader_JDK17OrLater#loadLibrary
'file:/E:/graalByIdea/lib/svm/builder/svm.jar',method,java.lang.ClassLoader#resolveClass,com.oracle.svm.core.jdk.Target_java_lang_ClassLoader#resolveClass
'file:/E:/graalByIdea/lib/svm/builder/svm.jar',method,java.lang.ClassLoader#setClassAssertionStatus,com.oracle.svm.core.jdk.Target_java_lang_ClassLoader#setClassAssertionStatus
'file:/E:/graalByIdea/lib/svm/builder/svm.jar',method,java.lang.ClassLoader#setDefaultAssertionStatus,com.oracle.svm.core.jdk.Target_java_lang_ClassLoader#setDefaultAssertionStatus
'file:/E:/graalByIdea/lib/svm/builder/svm.jar',method,java.lang.ClassLoader#setPackageAssertionStatus,com.oracle.svm.core.jdk.Target_java_lang_ClassLoader#setPackageAssertionStatus
'file:/E:/graalByIdea/lib/svm/builder/svm.jar',method,java.lang.ClassValue#<init>,com.oracle.svm.core.jdk.Target_java_lang_ClassValue#<init>
'file:/E:/graalByIdea/lib/svm/builder/svm.jar',method,java.lang.ClassValue#get,com.oracle.svm.core.jdk.Target_java_lang_ClassValue#get
'file:/E:/graalByIdea/lib/svm/builder/svm.jar',method,java.lang.ClassValue#remove,com.oracle.svm.core.jdk.Target_java_lang_ClassValue#remove
'file:/E:/graalByIdea/lib/svm/builder/svm.jar',method,java.lang.Enum#valueOf,com.oracle.svm.core.jdk.Target_java_lang_Enum#valueOf
'file:/E:/graalByIdea/lib/svm/builder/svm.jar',method,java.lang.Math#cos,com.oracle.svm.core.jdk.Target_java_lang_Math#cos
'file:/E:/graalByIdea/lib/svm/builder/svm.jar',method,java.lang.Math#exp,com.oracle.svm.core.jdk.Target_java_lang_Math#exp
'file:/E:/graalByIdea/lib/svm/builder/svm.jar',method,java.lang.Math#log,com.oracle.svm.core.jdk.Target_java_lang_Math#log
'file:/E:/graalByIdea/lib/svm/builder/svm.jar',method,java.lang.Math#log10,com.oracle.svm.core.jdk.Target_java_lang_Math#log10
'file:/E:/graalByIdea/lib/svm/builder/svm.jar',method,java.lang.Math#pow,com.oracle.svm.core.jdk.Target_java_lang_Math#pow
'file:/E:/graalByIdea/lib/svm/builder/svm.jar',method,java.lang.Math#sin,com.oracle.svm.core.jdk.Target_java_lang_Math#sin
'file:/E:/graalByIdea/lib/svm/builder/svm.jar',method,java.lang.Math#tan,com.oracle.svm.core.jdk.Target_java_lang_Math#tan
'file:/E:/graalByIdea/lib/svm/builder/svm.jar',method,java.lang.Module#addExports0,com.oracle.svm.core.jdk.Target_java_lang_Module#addExports0
'file:/E:/graalByIdea/lib/svm/builder/svm.jar',method,java.lang.Module#addExportsToAll0,com.oracle.svm.core.jdk.Target_java_lang_Module#addExportsToAll0
'file:/E:/graalByIdea/lib/svm/builder/svm.jar',method,java.lang.Module#addExportsToAllUnnamed0,com.oracle.svm.core.jdk.Target_java_lang_Module#addExportsToAllUnnamed0
'file:/E:/graalByIdea/lib/svm/builder/svm.jar',method,java.lang.Module#addReads0,com.oracle.svm.core.jdk.Target_java_lang_Module#addReads0
'file:/E:/graalByIdea/lib/svm/builder/svm.jar',method,java.lang.Module#defineModule0,com.oracle.svm.core.jdk17.Target_java_lang_Module_JDK17OrLater#defineModule0
'file:/E:/graalByIdea/lib/svm/builder/svm.jar',method,java.lang.Module#getResourceAsStream,com.oracle.svm.core.jdk.Target_java_lang_Module#getResourceAsStream
'file:/E:/graalByIdea/lib/svm/builder/svm.jar',method,java.lang.ModuleLayer#boot,com.oracle.svm.core.jdk.Target_java_lang_ModuleLayer#boot
'file:/E:/graalByIdea/lib/svm/builder/svm.jar',method,java.lang.NullPointerException#getExtendedNPEMessage,com.oracle.svm.core.jdk.Target_java_lang_NullPointerException#getExtendedNPEMessage
'file:/E:/graalByIdea/lib/svm/builder/svm.jar',method,java.lang.Object#getClass,com.oracle.svm.core.jdk.Target_java_lang_Object#getClassSubst
'file:/E:/graalByIdea/lib/svm/builder/svm.jar',method,java.lang.Object#hashCode,com.oracle.svm.core.jdk.Target_java_lang_Object#hashCodeSubst
'file:/E:/graalByIdea/lib/svm/builder/svm.jar',method,java.lang.Object#notify,com.oracle.svm.core.jdk.Target_java_lang_Object#notifySubst
'file:/E:/graalByIdea/lib/svm/builder/svm.jar',method,java.lang.Object#notifyAll,com.oracle.svm.core.jdk.Target_java_lang_Object#notifyAllSubst
'file:/E:/graalByIdea/lib/svm/builder/svm.jar',method,java.lang.Object#wait,com.oracle.svm.core.jdk.Target_java_lang_Object#waitSubst
'file:/E:/graalByIdea/lib/svm/builder/svm.jar',method,java.lang.PublicMethods$MethodList#getMostSpecific,com.oracle.svm.core.hub.Target_java_lang_PublicMethods_MethodList#getMostSpecific
'file:/E:/graalByIdea/lib/svm/builder/svm.jar',method,java.lang.Runtime#availableProcessors,com.oracle.svm.core.jdk.Target_java_lang_Runtime#availableProcessors
'file:/E:/graalByIdea/lib/svm/builder/svm.jar',method,java.lang.Runtime#freeMemory,com.oracle.svm.core.genscavenge.Target_java_lang_Runtime#freeMemory
'file:/E:/graalByIdea/lib/svm/builder/svm.jar',method,java.lang.Runtime#gc,com.oracle.svm.core.genscavenge.Target_java_lang_Runtime#gc
'file:/E:/graalByIdea/lib/svm/builder/svm.jar',method,java.lang.Runtime#maxMemory,com.oracle.svm.core.genscavenge.Target_java_lang_Runtime#maxMemory
'file:/E:/graalByIdea/lib/svm/builder/svm.jar',method,java.lang.Runtime#runFinalization,com.oracle.svm.core.jdk.Target_java_lang_Runtime#runFinalization
'file:/E:/graalByIdea/lib/svm/builder/svm.jar',method,java.lang.Runtime#totalMemory,com.oracle.svm.core.genscavenge.Target_java_lang_Runtime#totalMemory
'file:/E:/graalByIdea/lib/svm/builder/svm.jar',method,java.lang.SecurityManager#getClassContext,com.oracle.svm.core.jdk.Target_java_lang_SecurityManager#getClassContext
'file:/E:/graalByIdea/lib/svm/builder/svm.jar',method,java.lang.Shutdown#beforeHalt,com.oracle.svm.core.jdk.Target_java_lang_Shutdown#beforeHalt
'file:/E:/graalByIdea/lib/svm/builder/svm.jar',method,java.lang.StackWalker#forEach,com.oracle.svm.core.jdk.Target_java_lang_StackWalker#forEach
'file:/E:/graalByIdea/lib/svm/builder/svm.jar',method,java.lang.StackWalker#getCallerClass,com.oracle.svm.core.jdk.Target_java_lang_StackWalker#getCallerClass
'file:/E:/graalByIdea/lib/svm/builder/svm.jar',method,java.lang.StackWalker#walk,com.oracle.svm.core.jdk.Target_java_lang_StackWalker#walk
'file:/E:/graalByIdea/lib/svm/builder/svm.jar',method,java.lang.StrictMath#IEEEremainder,com.oracle.svm.core.jdk.Target_java_lang_StrictMath#IEEEremainder
'file:/E:/graalByIdea/lib/svm/builder/svm.jar',method,java.lang.StrictMath#acos,com.oracle.svm.core.jdk.Target_java_lang_StrictMath#acos
'file:/E:/graalByIdea/lib/svm/builder/svm.jar',method,java.lang.StrictMath#asin,com.oracle.svm.core.jdk.Target_java_lang_StrictMath#asin
'file:/E:/graalByIdea/lib/svm/builder/svm.jar',method,java.lang.StrictMath#atan,com.oracle.svm.core.jdk.Target_java_lang_StrictMath#atan
'file:/E:/graalByIdea/lib/svm/builder/svm.jar',method,java.lang.StrictMath#atan2,com.oracle.svm.core.jdk.Target_java_lang_StrictMath#atan2
'file:/E:/graalByIdea/lib/svm/builder/svm.jar',method,java.lang.StrictMath#cos,com.oracle.svm.core.jdk.Target_java_lang_StrictMath#cos
'file:/E:/graalByIdea/lib/svm/builder/svm.jar',method,java.lang.StrictMath#cosh,com.oracle.svm.core.jdk.Target_java_lang_StrictMath#cosh
'file:/E:/graalByIdea/lib/svm/builder/svm.jar',method,java.lang.StrictMath#expm1,com.oracle.svm.core.jdk.Target_java_lang_StrictMath#expm1
'file:/E:/graalByIdea/lib/svm/builder/svm.jar',method,java.lang.StrictMath#log,com.oracle.svm.core.jdk.Target_java_lang_StrictMath#log
'file:/E:/graalByIdea/lib/svm/builder/svm.jar',method,java.lang.StrictMath#log10,com.oracle.svm.core.jdk.Target_java_lang_StrictMath#log10
'file:/E:/graalByIdea/lib/svm/builder/svm.jar',method,java.lang.StrictMath#log1p,com.oracle.svm.core.jdk.Target_java_lang_StrictMath#log1p
'file:/E:/graalByIdea/lib/svm/builder/svm.jar',method,java.lang.StrictMath#sin,com.oracle.svm.core.jdk.Target_java_lang_StrictMath#sin
'file:/E:/graalByIdea/lib/svm/builder/svm.jar',method,java.lang.StrictMath#sinh,com.oracle.svm.core.jdk.Target_java_lang_StrictMath#sinh
'file:/E:/graalByIdea/lib/svm/builder/svm.jar',method,java.lang.StrictMath#sqrt,com.oracle.svm.core.jdk.Target_java_lang_StrictMath#sqrt
'file:/E:/graalByIdea/lib/svm/builder/svm.jar',method,java.lang.StrictMath#tan,com.oracle.svm.core.jdk.Target_java_lang_StrictMath#tan
'file:/E:/graalByIdea/lib/svm/builder/svm.jar',method,java.lang.StrictMath#tanh,com.oracle.svm.core.jdk.Target_java_lang_StrictMath#tanh
'file:/E:/graalByIdea/lib/svm/builder/svm.jar',method,java.lang.String#intern,com.oracle.svm.core.jdk.Target_java_lang_String#intern
'file:/E:/graalByIdea/lib/svm/builder/svm.jar',method,java.lang.System#clearProperty,com.oracle.svm.core.jdk.Target_java_lang_System#clearProperty
'file:/E:/graalByIdea/lib/svm/builder/svm.jar',method,java.lang.System#currentTimeMillis,com.oracle.svm.core.windows.Target_java_lang_System#currentTimeMillis
'file:/E:/graalByIdea/lib/svm/builder/svm.jar',method,java.lang.System#getProperties,com.oracle.svm.core.jdk.Target_java_lang_System#getProperties
'file:/E:/graalByIdea/lib/svm/builder/svm.jar',method,java.lang.System#getProperty,com.oracle.svm.core.jdk.Target_java_lang_System#getProperty
'file:/E:/graalByIdea/lib/svm/builder/svm.jar',method,java.lang.System#identityHashCode,com.oracle.svm.core.jdk.Target_java_lang_System#identityHashCode
'file:/E:/graalByIdea/lib/svm/builder/svm.jar',method,java.lang.System#mapLibraryName,com.oracle.svm.core.windows.Target_java_lang_System#mapLibraryName
'file:/E:/graalByIdea/lib/svm/builder/svm.jar',method,java.lang.System#nanoTime,com.oracle.svm.core.windows.Target_java_lang_System#nanoTime
'file:/E:/graalByIdea/lib/svm/builder/svm.jar',method,java.lang.System#setErr,com.oracle.svm.core.jdk.Target_java_lang_System#setErr
'file:/E:/graalByIdea/lib/svm/builder/svm.jar',method,java.lang.System#setIn,com.oracle.svm.core.jdk.Target_java_lang_System#setIn
'file:/E:/graalByIdea/lib/svm/builder/svm.jar',method,java.lang.System#setOut,com.oracle.svm.core.jdk.Target_java_lang_System#setOut
'file:/E:/graalByIdea/lib/svm/builder/svm.jar',method,java.lang.System#setProperties,com.oracle.svm.core.jdk.Target_java_lang_System#setProperties
'file:/E:/graalByIdea/lib/svm/builder/svm.jar',method,java.lang.System#setProperty,com.oracle.svm.core.jdk.Target_java_lang_System#setProperty
'file:/E:/graalByIdea/lib/svm/builder/svm.jar',method,java.lang.System#setSecurityManager,com.oracle.svm.core.jdk.Target_java_lang_System#setSecurityManager
'file:/E:/graalByIdea/lib/svm/builder/svm.jar',method,java.lang.Thread#<init>,com.oracle.svm.core.thread.Target_java_lang_Thread#<init>
'file:/E:/graalByIdea/lib/svm/builder/svm.jar',method,java.lang.Thread#blockedOn,com.oracle.svm.core.thread.Target_java_lang_Thread#blockedOn
'file:/E:/graalByIdea/lib/svm/builder/svm.jar',method,java.lang.Thread#clearInterruptEvent,com.oracle.svm.core.thread.Target_java_lang_Thread#clearInterruptEvent
'file:/E:/graalByIdea/lib/svm/builder/svm.jar',method,java.lang.Thread#countStackFrames,com.oracle.svm.core.thread.Target_java_lang_Thread#countStackFrames
'file:/E:/graalByIdea/lib/svm/builder/svm.jar',method,java.lang.Thread#currentCarrierThread,com.oracle.svm.core.thread.Target_java_lang_Thread#currentCarrierThread
'file:/E:/graalByIdea/lib/svm/builder/svm.jar',method,java.lang.Thread#currentThread,com.oracle.svm.core.thread.Target_java_lang_Thread#currentThread
'file:/E:/graalByIdea/lib/svm/builder/svm.jar',method,java.lang.Thread#extentLocalCache,com.oracle.svm.core.thread.Target_java_lang_Thread#extentLocalCache
'file:/E:/graalByIdea/lib/svm/builder/svm.jar',method,java.lang.Thread#genThreadName,com.oracle.svm.core.thread.Target_java_lang_Thread#genThreadName
'file:/E:/graalByIdea/lib/svm/builder/svm.jar',method,java.lang.Thread#getAllStackTraces,com.oracle.svm.core.thread.Target_java_lang_Thread#getAllStackTraces
'file:/E:/graalByIdea/lib/svm/builder/svm.jar',method,java.lang.Thread#getAllThreads,com.oracle.svm.core.thread.Target_java_lang_Thread#getAllThreads
'file:/E:/graalByIdea/lib/svm/builder/svm.jar',method,java.lang.Thread#getContextClassLoader,com.oracle.svm.core.thread.Target_java_lang_Thread#getContextClassLoader
'file:/E:/graalByIdea/lib/svm/builder/svm.jar',method,java.lang.Thread#getId,com.oracle.svm.core.thread.Target_java_lang_Thread#getId
'file:/E:/graalByIdea/lib/svm/builder/svm.jar',method,java.lang.Thread#getStackTrace,com.oracle.svm.core.thread.Target_java_lang_Thread#getStackTrace
'file:/E:/graalByIdea/lib/svm/builder/svm.jar',method,java.lang.Thread#holdsLock,com.oracle.svm.core.thread.Target_java_lang_Thread#holdsLock
'file:/E:/graalByIdea/lib/svm/builder/svm.jar',method,java.lang.Thread#interrupt0,com.oracle.svm.core.thread.Target_java_lang_Thread#interrupt0
'file:/E:/graalByIdea/lib/svm/builder/svm.jar',method,java.lang.Thread#isAlive0,com.oracle.svm.core.thread.Target_java_lang_Thread#isAlive0
'file:/E:/graalByIdea/lib/svm/builder/svm.jar',method,java.lang.Thread#isInterrupted,com.oracle.svm.core.thread.Target_java_lang_Thread#isInterrupted
'file:/E:/graalByIdea/lib/svm/builder/svm.jar',method,java.lang.Thread#isTerminated,com.oracle.svm.core.thread.Target_java_lang_Thread#isTerminated
'file:/E:/graalByIdea/lib/svm/builder/svm.jar',method,java.lang.Thread#join,com.oracle.svm.core.thread.Target_java_lang_Thread#join
'file:/E:/graalByIdea/lib/svm/builder/svm.jar',method,java.lang.Thread#ofVirtual,com.oracle.svm.core.thread.Target_java_lang_Thread#ofVirtualWithoutLoom
'file:/E:/graalByIdea/lib/svm/builder/svm.jar',method,java.lang.Thread#resume0,com.oracle.svm.core.thread.Target_java_lang_Thread#resume0
'file:/E:/graalByIdea/lib/svm/builder/svm.jar',method,java.lang.Thread#setContextClassLoader,com.oracle.svm.core.thread.Target_java_lang_Thread#setContextClassLoader
'file:/E:/graalByIdea/lib/svm/builder/svm.jar',method,java.lang.Thread#setCurrentThread,com.oracle.svm.core.thread.Target_java_lang_Thread#setCurrentThread
'file:/E:/graalByIdea/lib/svm/builder/svm.jar',method,java.lang.Thread#setExtentLocalCache,com.oracle.svm.core.thread.Target_java_lang_Thread#setExtentLocalCache
'file:/E:/graalByIdea/lib/svm/builder/svm.jar',method,java.lang.Thread#setNativeName,com.oracle.svm.core.thread.Target_java_lang_Thread#setNativeName
'file:/E:/graalByIdea/lib/svm/builder/svm.jar',method,java.lang.Thread#setPriority0,com.oracle.svm.core.thread.Target_java_lang_Thread#setPriority0
'file:/E:/graalByIdea/lib/svm/builder/svm.jar',method,java.lang.Thread#sleep0,com.oracle.svm.core.thread.Target_java_lang_Thread#sleep0
'file:/E:/graalByIdea/lib/svm/builder/svm.jar',method,java.lang.Thread#start0,com.oracle.svm.core.thread.Target_java_lang_Thread#start0
'file:/E:/graalByIdea/lib/svm/builder/svm.jar',method,java.lang.Thread#startVirtualThread,com.oracle.svm.core.thread.Target_java_lang_Thread#startVirtualThread
'file:/E:/graalByIdea/lib/svm/builder/svm.jar',method,java.lang.Thread#stop0,com.oracle.svm.core.thread.Target_java_lang_Thread#stop0
'file:/E:/graalByIdea/lib/svm/builder/svm.jar',method,java.lang.Thread#suspend0,com.oracle.svm.core.thread.Target_java_lang_Thread#suspend0
'file:/E:/graalByIdea/lib/svm/builder/svm.jar',method,java.lang.Thread#yield0,com.oracle.svm.core.thread.Target_java_lang_Thread#yield0
'file:/E:/graalByIdea/lib/svm/builder/svm.jar',method,java.lang.Throwable#fillInStackTrace,com.oracle.svm.core.jdk.Target_java_lang_Throwable#fillInStackTrace
'file:/E:/graalByIdea/lib/svm/builder/svm.jar',method,java.lang.Throwable#getOurStackTrace,com.oracle.svm.core.jdk.Target_java_lang_Throwable#getOurStackTrace
'file:/E:/graalByIdea/lib/svm/builder/svm.jar',method,java.lang.invoke.BoundMethodHandle$Species_L#make,com.oracle.svm.core.methodhandles.Target_java_lang_invoke_BoundMethodHandle_Species_L#make
'file:/E:/graalByIdea/lib/svm/builder/svm.jar',method,java.lang.invoke.ClassSpecializer$Factory#loadSpecies,com.oracle.svm.core.methodhandles.Target_java_lang_invoke_ClassSpecializer_Factory#loadSpecies
'file:/E:/graalByIdea/lib/svm/builder/svm.jar',method,java.lang.invoke.InvokerBytecodeGenerator#generateLambdaFormInterpreterEntryPoint,com.oracle.svm.core.methodhandles.Target_java_lang_invoke_InvokerBytecodeGenerator#generateLambdaFormInterpreterEntryPoint
'file:/E:/graalByIdea/lib/svm/builder/svm.jar',method,java.lang.invoke.Invokers#checkExactType,com.oracle.svm.core.methodhandles.Target_java_lang_invoke_Invokers#checkExactType
'file:/E:/graalByIdea/lib/svm/builder/svm.jar',method,java.lang.invoke.LambdaForm#compileToBytecode,com.oracle.svm.core.methodhandles.Target_java_lang_invoke_LambdaForm#compileToBytecode
'file:/E:/graalByIdea/lib/svm/builder/svm.jar',method,java.lang.invoke.LambdaForm#forceInterpretation,com.oracle.svm.core.methodhandles.Target_java_lang_invoke_LambdaForm#forceInterpretation
'file:/E:/graalByIdea/lib/svm/builder/svm.jar',method,java.lang.invoke.LambdaForm$NamedFunction#invokeWithArguments,com.oracle.svm.core.methodhandles.Target_java_lang_invoke_LambdaForm_NamedFunction#invokeWithArguments
'file:/E:/graalByIdea/lib/svm/builder/svm.jar',method,java.lang.invoke.MemberName#vminfoIsConsistent,com.oracle.svm.core.invoke.Target_java_lang_invoke_MemberName#vminfoIsConsistent
'file:/E:/graalByIdea/lib/svm/builder/svm.jar',method,java.lang.invoke.MethodHandle#invoke,com.oracle.svm.core.methodhandles.Target_java_lang_invoke_MethodHandle#invoke
'file:/E:/graalByIdea/lib/svm/builder/svm.jar',method,java.lang.invoke.MethodHandle#invokeBasic,com.oracle.svm.core.methodhandles.Target_java_lang_invoke_MethodHandle#invokeBasic
'file:/E:/graalByIdea/lib/svm/builder/svm.jar',method,java.lang.invoke.MethodHandle#invokeExact,com.oracle.svm.core.methodhandles.Target_java_lang_invoke_MethodHandle#invokeExact
'file:/E:/graalByIdea/lib/svm/builder/svm.jar',method,java.lang.invoke.MethodHandle#linkToInterface,com.oracle.svm.core.methodhandles.Target_java_lang_invoke_MethodHandle#linkToInterface
'file:/E:/graalByIdea/lib/svm/builder/svm.jar',method,java.lang.invoke.MethodHandle#linkToSpecial,com.oracle.svm.core.methodhandles.Target_java_lang_invoke_MethodHandle#linkToSpecial
'file:/E:/graalByIdea/lib/svm/builder/svm.jar',method,java.lang.invoke.MethodHandle#linkToStatic,com.oracle.svm.core.methodhandles.Target_java_lang_invoke_MethodHandle#linkToStatic
'file:/E:/graalByIdea/lib/svm/builder/svm.jar',method,java.lang.invoke.MethodHandle#linkToVirtual,com.oracle.svm.core.methodhandles.Target_java_lang_invoke_MethodHandle#linkToVirtual
'file:/E:/graalByIdea/lib/svm/builder/svm.jar',method,java.lang.invoke.MethodHandleNatives#clearCallSiteContext,com.oracle.svm.core.methodhandles.Target_java_lang_invoke_MethodHandleNatives#clearCallSiteContext
'file:/E:/graalByIdea/lib/svm/builder/svm.jar',method,java.lang.invoke.MethodHandleNatives#expand,com.oracle.svm.core.methodhandles.Target_java_lang_invoke_MethodHandleNatives#expand
'file:/E:/graalByIdea/lib/svm/builder/svm.jar',method,java.lang.invoke.MethodHandleNatives#getMemberVMInfo,com.oracle.svm.core.methodhandles.Target_java_lang_invoke_MethodHandleNatives#getMemberVMInfo
'file:/E:/graalByIdea/lib/svm/builder/svm.jar',method,java.lang.invoke.MethodHandleNatives#init,com.oracle.svm.core.methodhandles.Target_java_lang_invoke_MethodHandleNatives#init
'file:/E:/graalByIdea/lib/svm/builder/svm.jar',method,java.lang.invoke.MethodHandleNatives#objectFieldOffset,com.oracle.svm.core.methodhandles.Target_java_lang_invoke_MethodHandleNatives#objectFieldOffset
'file:/E:/graalByIdea/lib/svm/builder/svm.jar',method,java.lang.invoke.MethodHandleNatives#resolve,com.oracle.svm.core.methodhandles.Target_java_lang_invoke_MethodHandleNatives#resolve
'file:/E:/graalByIdea/lib/svm/builder/svm.jar',method,java.lang.invoke.MethodHandleNatives#staticFieldBase,com.oracle.svm.core.methodhandles.Target_java_lang_invoke_MethodHandleNatives#staticFieldBase
'file:/E:/graalByIdea/lib/svm/builder/svm.jar',method,java.lang.invoke.MethodHandleNatives#staticFieldOffset,com.oracle.svm.core.methodhandles.Target_java_lang_invoke_MethodHandleNatives#staticFieldOffset
'file:/E:/graalByIdea/lib/svm/builder/svm.jar',method,java.lang.invoke.MethodHandles$Lookup#checkSecurityManager,com.oracle.svm.core.methodhandles.Target_java_lang_invoke_MethodHandles_Lookup#checkSecurityManager
'file:/E:/graalByIdea/lib/svm/builder/svm.jar',method,java.lang.invoke.MethodHandles$Lookup#defineClass,com.oracle.svm.core.methodhandles.Target_java_lang_invoke_MethodHandles_Lookup#defineClass
'file:/E:/graalByIdea/lib/svm/builder/svm.jar',method,java.lang.invoke.MethodHandles$Lookup#makeAccessException,com.oracle.svm.core.methodhandles.Target_java_lang_invoke_MethodHandles_Lookup#makeAccessException
'file:/E:/graalByIdea/lib/svm/builder/svm.jar',method,java.lang.invoke.MethodHandles$Lookup#maybeBindCaller,com.oracle.svm.core.methodhandles.Target_java_lang_invoke_MethodHandles_Lookup#maybeBindCaller
'file:/E:/graalByIdea/lib/svm/builder/svm.jar',method,java.lang.invoke.SimpleMethodHandle#<init>,com.oracle.svm.core.methodhandles.Target_java_lang_invoke_SimpleMethodHandle#<init>
'file:/E:/graalByIdea/lib/svm/builder/svm.jar',method,java.lang.invoke.SimpleMethodHandle#copyWith,com.oracle.svm.core.methodhandles.Target_java_lang_invoke_SimpleMethodHandle#copyWith
'file:/E:/graalByIdea/lib/svm/builder/svm.jar',method,java.lang.invoke.SimpleMethodHandle#copyWithExtendD,com.oracle.svm.core.methodhandles.Target_java_lang_invoke_SimpleMethodHandle#copyWithExtendD
'file:/E:/graalByIdea/lib/svm/builder/svm.jar',method,java.lang.invoke.SimpleMethodHandle#copyWithExtendF,com.oracle.svm.core.methodhandles.Target_java_lang_invoke_SimpleMethodHandle#copyWithExtendF
'file:/E:/graalByIdea/lib/svm/builder/svm.jar',method,java.lang.invoke.SimpleMethodHandle#copyWithExtendI,com.oracle.svm.core.methodhandles.Target_java_lang_invoke_SimpleMethodHandle#copyWithExtendI
'file:/E:/graalByIdea/lib/svm/builder/svm.jar',method,java.lang.invoke.SimpleMethodHandle#copyWithExtendJ,com.oracle.svm.core.methodhandles.Target_java_lang_invoke_SimpleMethodHandle#copyWithExtendJ
'file:/E:/graalByIdea/lib/svm/builder/svm.jar',method,java.lang.invoke.SimpleMethodHandle#copyWithExtendL,com.oracle.svm.core.methodhandles.Target_java_lang_invoke_SimpleMethodHandle#copyWithExtendL
'file:/E:/graalByIdea/lib/svm/builder/svm.jar',method,java.lang.invoke.SimpleMethodHandle#speciesData,com.oracle.svm.core.methodhandles.Target_java_lang_invoke_SimpleMethodHandle#speciesData
'file:/E:/graalByIdea/lib/svm/builder/svm.jar',method,java.lang.invoke.VarHandle#toString,com.oracle.svm.core.jdk.Target_java_lang_invoke_VarHandle#toString
'file:/E:/graalByIdea/lib/svm/builder/svm.jar',method,java.lang.management.ManagementFactory#getPlatformMBeanServer,com.oracle.svm.core.jdk.management.Target_java_lang_management_ManagementFactory#getPlatformMBeanServer
'file:/E:/graalByIdea/lib/svm/builder/svm.jar',method,java.lang.management.ManagementFactory#getPlatformMXBean,com.oracle.svm.core.jdk.management.Target_java_lang_management_ManagementFactory#getPlatformMXBean
'file:/E:/graalByIdea/lib/svm/builder/svm.jar',method,java.lang.management.ManagementFactory#getPlatformMXBeans,com.oracle.svm.core.jdk.management.Target_java_lang_management_ManagementFactory#getPlatformMXBeans
'file:/E:/graalByIdea/lib/svm/builder/svm.jar',method,java.lang.management.ManagementFactory#getPlatformManagementInterfaces,com.oracle.svm.core.jdk.management.Target_java_lang_management_ManagementFactory#getPlatformManagementInterfaces
'file:/E:/graalByIdea/lib/svm/builder/svm.jar',method,java.lang.management.ManagementFactory#newPlatformMXBeanProxy,com.oracle.svm.core.jdk.management.Target_java_lang_management_ManagementFactory#newPlatformMXBeanProxy
'file:/E:/graalByIdea/lib/svm/builder/svm.jar',method,java.lang.module.ModuleDescriptor#toString,com.oracle.svm.core.jdk.Target_java_lang_module_ModuleDescriptor#toString
'file:/E:/graalByIdea/lib/svm/builder/svm.jar',method,java.lang.ref.PhantomReference#refersTo0,com.oracle.svm.core.heap.Target_java_lang_ref_PhantomReference#refersTo0
'file:/E:/graalByIdea/lib/svm/builder/svm.jar',method,java.lang.ref.Reference#<init>,com.oracle.svm.core.heap.Target_java_lang_ref_Reference#<init>
'file:/E:/graalByIdea/lib/svm/builder/svm.jar',method,java.lang.ref.Reference#clear,com.oracle.svm.core.heap.Target_java_lang_ref_Reference#clear
'file:/E:/graalByIdea/lib/svm/builder/svm.jar',method,java.lang.ref.Reference#clear0,com.oracle.svm.core.heap.Target_java_lang_ref_Reference#clear0
'file:/E:/graalByIdea/lib/svm/builder/svm.jar',method,java.lang.ref.Reference#clearInactiveFinalReference,com.oracle.svm.core.heap.Target_java_lang_ref_Reference#clearInactiveFinalReference
'file:/E:/graalByIdea/lib/svm/builder/svm.jar',method,java.lang.ref.Reference#reachabilityFence,com.oracle.svm.core.heap.Target_java_lang_ref_Reference#reachabilityFence
'file:/E:/graalByIdea/lib/svm/builder/svm.jar',method,java.lang.ref.Reference#refersTo0,com.oracle.svm.core.heap.Target_java_lang_ref_Reference#refersTo0
'file:/E:/graalByIdea/lib/svm/builder/svm.jar',method,java.lang.ref.Reference#waitForReferenceProcessing,com.oracle.svm.core.heap.Target_java_lang_ref_Reference#waitForReferenceProcessing
'file:/E:/graalByIdea/lib/svm/builder/svm.jar',method,java.lang.reflect.Array#get,com.oracle.svm.core.jdk.Target_java_lang_reflect_Array#get
'file:/E:/graalByIdea/lib/svm/builder/svm.jar',method,java.lang.reflect.Array#getBoolean,com.oracle.svm.core.jdk.Target_java_lang_reflect_Array#getBoolean
'file:/E:/graalByIdea/lib/svm/builder/svm.jar',method,java.lang.reflect.Array#getByte,com.oracle.svm.core.jdk.Target_java_lang_reflect_Array#getByte
'file:/E:/graalByIdea/lib/svm/builder/svm.jar',method,java.lang.reflect.Array#getChar,com.oracle.svm.core.jdk.Target_java_lang_reflect_Array#getChar
'file:/E:/graalByIdea/lib/svm/builder/svm.jar',method,java.lang.reflect.Array#getDouble,com.oracle.svm.core.jdk.Target_java_lang_reflect_Array#getDouble
'file:/E:/graalByIdea/lib/svm/builder/svm.jar',method,java.lang.reflect.Array#getFloat,com.oracle.svm.core.jdk.Target_java_lang_reflect_Array#getFloat
'file:/E:/graalByIdea/lib/svm/builder/svm.jar',method,java.lang.reflect.Array#getInt,com.oracle.svm.core.jdk.Target_java_lang_reflect_Array#getInt
'file:/E:/graalByIdea/lib/svm/builder/svm.jar',method,java.lang.reflect.Array#getLong,com.oracle.svm.core.jdk.Target_java_lang_reflect_Array#getLong
'file:/E:/graalByIdea/lib/svm/builder/svm.jar',method,java.lang.reflect.Array#getShort,com.oracle.svm.core.jdk.Target_java_lang_reflect_Array#getShort
'file:/E:/graalByIdea/lib/svm/builder/svm.jar',method,java.lang.reflect.Array#multiNewArray,com.oracle.svm.core.jdk.Target_java_lang_reflect_Array#multiNewArray
'file:/E:/graalByIdea/lib/svm/builder/svm.jar',method,java.lang.reflect.Array#set,com.oracle.svm.core.jdk.Target_java_lang_reflect_Array#set
'file:/E:/graalByIdea/lib/svm/builder/svm.jar',method,java.lang.reflect.Array#setBoolean,com.oracle.svm.core.jdk.Target_java_lang_reflect_Array#setBoolean
'file:/E:/graalByIdea/lib/svm/builder/svm.jar',method,java.lang.reflect.Array#setByte,com.oracle.svm.core.jdk.Target_java_lang_reflect_Array#setByte
'file:/E:/graalByIdea/lib/svm/builder/svm.jar',method,java.lang.reflect.Array#setChar,com.oracle.svm.core.jdk.Target_java_lang_reflect_Array#setChar
'file:/E:/graalByIdea/lib/svm/builder/svm.jar',method,java.lang.reflect.Array#setDouble,com.oracle.svm.core.jdk.Target_java_lang_reflect_Array#setDouble
'file:/E:/graalByIdea/lib/svm/builder/svm.jar',method,java.lang.reflect.Array#setFloat,com.oracle.svm.core.jdk.Target_java_lang_reflect_Array#setFloat
'file:/E:/graalByIdea/lib/svm/builder/svm.jar',method,java.lang.reflect.Array#setInt,com.oracle.svm.core.jdk.Target_java_lang_reflect_Array#setInt
'file:/E:/graalByIdea/lib/svm/builder/svm.jar',method,java.lang.reflect.Array#setLong,com.oracle.svm.core.jdk.Target_java_lang_reflect_Array#setLong
'file:/E:/graalByIdea/lib/svm/builder/svm.jar',method,java.lang.reflect.Array#setShort,com.oracle.svm.core.jdk.Target_java_lang_reflect_Array#setShort
'file:/E:/graalByIdea/lib/svm/builder/svm.jar',method,java.lang.reflect.Constructor#acquireConstructorAccessor,com.oracle.svm.core.reflect.target.Target_java_lang_reflect_Constructor#acquireConstructorAccessor
'file:/E:/graalByIdea/lib/svm/builder/svm.jar',method,java.lang.reflect.Executable#getParameters0,com.oracle.svm.core.reflect.target.Target_java_lang_reflect_Executable#getParameters0
'file:/E:/graalByIdea/lib/svm/builder/svm.jar',method,java.lang.reflect.Executable#getTypeAnnotationBytes0,com.oracle.svm.core.reflect.target.Target_java_lang_reflect_Executable#getTypeAnnotationBytes0
'file:/E:/graalByIdea/lib/svm/builder/svm.jar',method,java.lang.reflect.Field#getFieldAccessor,com.oracle.svm.core.reflect.target.Target_java_lang_reflect_Field#getFieldAccessor
'file:/E:/graalByIdea/lib/svm/builder/svm.jar',method,java.lang.reflect.Field#getOverrideFieldAccessor,com.oracle.svm.core.reflect.target.Target_java_lang_reflect_Field#getOverrideFieldAccessor
'file:/E:/graalByIdea/lib/svm/builder/svm.jar',method,java.lang.reflect.Field#getTypeAnnotationBytes0,com.oracle.svm.core.reflect.target.Target_java_lang_reflect_Field#getTypeAnnotationBytes0
'file:/E:/graalByIdea/lib/svm/builder/svm.jar',method,java.lang.reflect.Method#acquireMethodAccessor,com.oracle.svm.core.reflect.target.Target_java_lang_reflect_Method#acquireMethodAccessor
'file:/E:/graalByIdea/lib/svm/builder/svm.jar',method,java.lang.reflect.Proxy#getProxyConstructor,com.oracle.svm.core.jdk.proxy.Target_java_lang_reflect_Proxy#getProxyConstructor
'file:/E:/graalByIdea/lib/svm/builder/svm.jar',method,java.lang.reflect.Proxy#isProxyClass,com.oracle.svm.core.jdk.proxy.Target_java_lang_reflect_Proxy#isProxyClass
'file:/E:/graalByIdea/lib/svm/builder/svm.jar',method,java.lang.reflect.ReflectAccess#copyConstructor,com.oracle.svm.core.reflect.target.Target_java_lang_reflect_ReflectAccess#copyConstructor
'file:/E:/graalByIdea/lib/svm/builder/svm.jar',method,java.lang.reflect.ReflectAccess#copyField,com.oracle.svm.core.reflect.target.Target_java_lang_reflect_ReflectAccess#copyField
'file:/E:/graalByIdea/lib/svm/builder/svm.jar',method,java.lang.reflect.ReflectAccess#copyMethod,com.oracle.svm.core.reflect.target.Target_java_lang_reflect_ReflectAccess#copyMethod
'file:/E:/graalByIdea/lib/svm/builder/svm.jar',method,java.net.URL#getURLStreamHandler,com.oracle.svm.core.jdk.Target_java_net_URL#getURLStreamHandler
'file:/E:/graalByIdea/lib/svm/builder/svm.jar',method,java.net.URL#setURLStreamHandlerFactory,com.oracle.svm.core.jdk.Target_java_net_URL#setURLStreamHandlerFactory
'file:/E:/graalByIdea/lib/svm/builder/svm.jar',method,java.net.URLClassLoader#getResourceAsStream,com.oracle.svm.core.jdk.Target_java_net_URLClassLoader#getResourceAsStream
'file:/E:/graalByIdea/lib/svm/builder/svm.jar',method,java.nio.channels.spi.SelectorProvider$Holder#provider,com.oracle.svm.core.jdk.Target_java_nio_channels_spi_SelectorProvider_Holder#provider
'file:/E:/graalByIdea/lib/svm/builder/svm.jar',method,java.nio.charset.Charset#availableCharsets,com.oracle.svm.core.jdk.localization.substitutions.Target_java_nio_charset_Charset#availableCharsets
'file:/E:/graalByIdea/lib/svm/builder/svm.jar',method,java.nio.charset.Charset#defaultCharset,com.oracle.svm.core.jdk.localization.substitutions.Target_java_nio_charset_Charset#defaultCharset
'file:/E:/graalByIdea/lib/svm/builder/svm.jar',method,java.nio.charset.Charset#lookup2,com.oracle.svm.core.jdk.localization.substitutions.Target_java_nio_charset_Charset#lookup2
'file:/E:/graalByIdea/lib/svm/builder/svm.jar',method,java.nio.file.spi.FileSystemProvider#installedProviders,com.oracle.svm.core.jdk.Target_java_nio_file_spi_FileSystemProvider#installedProviders
'file:/E:/graalByIdea/lib/svm/builder/svm.jar',method,java.security.AccessControlContext#getDebug,com.oracle.svm.core.jdk.Target_java_security_AccessControlContext#getDebug
'file:/E:/graalByIdea/lib/svm/builder/svm.jar',method,java.security.AccessController#checkContext,com.oracle.svm.core.jdk.Target_java_security_AccessController#checkContext
'file:/E:/graalByIdea/lib/svm/builder/svm.jar',method,java.security.AccessController#executePrivileged,com.oracle.svm.core.jdk.Target_java_security_AccessController#executePrivileged
'file:/E:/graalByIdea/lib/svm/builder/svm.jar',method,java.security.AccessController#getInheritedAccessControlContext,com.oracle.svm.core.jdk.Target_java_security_AccessController#getInheritedAccessControlContext
'file:/E:/graalByIdea/lib/svm/builder/svm.jar',method,java.security.AccessController#getProtectionDomain,com.oracle.svm.core.jdk.Target_java_security_AccessController#getProtectionDomain
'file:/E:/graalByIdea/lib/svm/builder/svm.jar',method,java.security.AccessController#getStackAccessControlContext,com.oracle.svm.core.jdk.Target_java_security_AccessController#getStackAccessControlContext
'file:/E:/graalByIdea/lib/svm/builder/svm.jar',method,java.security.Policy#getPolicyNoCheck,com.oracle.svm.core.jdk.Target_java_security_Policy#getPolicyNoCheck
'file:/E:/graalByIdea/lib/svm/builder/svm.jar',method,java.security.Policy#isSet,com.oracle.svm.core.jdk.Target_java_security_Policy#isSet
'file:/E:/graalByIdea/lib/svm/builder/svm.jar',method,java.security.Policy#setPolicy,com.oracle.svm.core.jdk.Target_java_security_Policy#setPolicy
'file:/E:/graalByIdea/lib/svm/builder/svm.jar',method,java.security.Provider#checkInitialized,com.oracle.svm.core.jdk.Target_java_security_Provider_Windows#checkInitialized
'file:/E:/graalByIdea/lib/svm/builder/svm.jar',method,java.text.BreakIterator#getCharacterInstance,com.oracle.svm.core.jdk.localization.substitutions.Target_java_text_BreakIterator#getCharacterInstance
'file:/E:/graalByIdea/lib/svm/builder/svm.jar',method,java.text.BreakIterator#getLineInstance,com.oracle.svm.core.jdk.localization.substitutions.Target_java_text_BreakIterator#getLineInstance
'file:/E:/graalByIdea/lib/svm/builder/svm.jar',method,java.text.BreakIterator#getSentenceInstance,com.oracle.svm.core.jdk.localization.substitutions.Target_java_text_BreakIterator#getSentenceInstance
'file:/E:/graalByIdea/lib/svm/builder/svm.jar',method,java.text.BreakIterator#getWordInstance,com.oracle.svm.core.jdk.localization.substitutions.Target_java_text_BreakIterator#getWordInstance
'file:/E:/graalByIdea/lib/svm/builder/svm.jar',method,java.util.Calendar#createCalendar,com.oracle.svm.core.jdk.Target_java_util_Calendar#createCalendar
'file:/E:/graalByIdea/lib/svm/builder/svm.jar',method,java.util.HashMap#comparableClassFor,com.oracle.svm.core.jdk.Target_java_util_HashMap#comparableClassFor
'file:/E:/graalByIdea/lib/svm/builder/svm.jar',method,java.util.ListResourceBundle#loadLookup,com.oracle.svm.core.jdk.localization.substitutions.Target_java_util_ListResourceBundle_SubstituteLoadLookup#loadLookup
'file:/E:/graalByIdea/lib/svm/builder/svm.jar',method,java.util.Locale#initDefault,com.oracle.svm.core.jdk.localization.substitutions.Target_java_util_Locale#initDefault
'file:/E:/graalByIdea/lib/svm/builder/svm.jar',method,java.util.Optional#toString,com.oracle.svm.core.jdk.Target_java_util_Optional#toString
'file:/E:/graalByIdea/lib/svm/builder/svm.jar',method,java.util.ResourceBundle$Control#needsReload,com.oracle.svm.core.jdk.localization.substitutions.Target_java_util_ResourceBundle_Control#needsReload
'file:/E:/graalByIdea/lib/svm/builder/svm.jar',method,java.util.ServiceLoader$LazyClassPathLookupIterator#<init>,com.oracle.svm.core.jdk.Target_java_util_ServiceLoader_LazyClassPathLookupIterator#<init>
'file:/E:/graalByIdea/lib/svm/builder/svm.jar',method,java.util.ServiceLoader$LazyClassPathLookupIterator#hasNextService,com.oracle.svm.core.jdk.Target_java_util_ServiceLoader_LazyClassPathLookupIterator#hasNextService
'file:/E:/graalByIdea/lib/svm/builder/svm.jar',method,java.util.ServiceLoader$ModuleServicesLookupIterator#<init>,com.oracle.svm.core.jdk.Target_java_util_ServiceLoader_ModuleServicesLookupIterator#<init>
'file:/E:/graalByIdea/lib/svm/builder/svm.jar',method,java.util.ServiceLoader$ModuleServicesLookupIterator#hasNext,com.oracle.svm.core.jdk.Target_java_util_ServiceLoader_ModuleServicesLookupIterator#hasNext
'file:/E:/graalByIdea/lib/svm/builder/svm.jar',method,java.util.TimeZone#getSystemTimeZoneID,com.oracle.svm.core.jdk.Target_java_util_TimeZone#getSystemTimeZoneID
'file:/E:/graalByIdea/lib/svm/builder/svm.jar',method,java.util.concurrent.ConcurrentHashMap#comparableClassFor,com.oracle.svm.core.jdk.Target_java_util_concurrent_ConcurrentHashMap#comparableClassFor
'file:/E:/graalByIdea/lib/svm/builder/svm.jar',method,java.util.concurrent.ForkJoinPool#getAndAddPoolIds,com.oracle.svm.core.jdk.Target_java_util_concurrent_ForkJoinPool#getAndAddPoolIds
'file:/E:/graalByIdea/lib/svm/builder/svm.jar',method,java.util.concurrent.ForkJoinPool#getCommonPoolParallelism,com.oracle.svm.core.jdk.Target_java_util_concurrent_ForkJoinPool#getCommonPoolParallelism
'file:/E:/graalByIdea/lib/svm/builder/svm.jar',method,java.util.concurrent.atomic.AtomicIntegerFieldUpdater$AtomicIntegerFieldUpdaterImpl#<init>,com.oracle.svm.core.jdk.Target_java_util_concurrent_atomic_AtomicIntegerFieldUpdater_AtomicIntegerFieldUpdaterImpl#<init>
'file:/E:/graalByIdea/lib/svm/builder/svm.jar',method,java.util.concurrent.atomic.AtomicLongFieldUpdater$CASUpdater#<init>,com.oracle.svm.core.jdk.Target_java_util_concurrent_atomic_AtomicLongFieldUpdater_CASUpdater#<init>
'file:/E:/graalByIdea/lib/svm/builder/svm.jar',method,java.util.concurrent.atomic.AtomicReferenceFieldUpdater$AtomicReferenceFieldUpdaterImpl#<init>,com.oracle.svm.core.jdk.Target_java_util_concurrent_atomic_AtomicReferenceFieldUpdater_AtomicReferenceFieldUpdaterImpl#<init>
'file:/E:/graalByIdea/lib/svm/builder/svm.jar',method,java.util.logging.LogManager#getLogManager,com.oracle.svm.core.jdk.Target_java_util_logging_LogManager#getLogManager
'file:/E:/graalByIdea/lib/svm/builder/svm.jar',method,javax.crypto.JceSecurity#getCodeBase,com.oracle.svm.core.jdk.Target_javax_crypto_JceSecurity#getCodeBase
'file:/E:/graalByIdea/lib/svm/builder/svm.jar',method,javax.crypto.JceSecurity#getVerificationResult,com.oracle.svm.core.jdk.Target_javax_crypto_JceSecurity#getVerificationResult
'file:/E:/graalByIdea/lib/svm/builder/svm.jar',method,javax.crypto.JceSecurity#verifyProvider,com.oracle.svm.core.jdk.Target_javax_crypto_JceSecurity#verifyProvider
'file:/E:/graalByIdea/lib/svm/builder/svm.jar',method,javax.crypto.JceSecurityManager#getCryptoPermission,com.oracle.svm.core.jdk.Target_javax_crypto_JceSecurityManager#getCryptoPermission
'file:/E:/graalByIdea/lib/svm/builder/svm.jar',method,javax.crypto.ProviderVerifier#isTrustedCryptoProvider,com.oracle.svm.core.jdk.Target_javax_crypto_ProviderVerifier#isTrustedCryptoProvider
'file:/E:/graalByIdea/lib/svm/builder/svm.jar',method,jdk.internal.access.SharedSecrets#getJavaAWTAccess,com.oracle.svm.core.jdk.Target_jdk_internal_access_SharedSecrets#getJavaAWTAccess
'file:/E:/graalByIdea/lib/svm/builder/svm.jar',method,jdk.internal.loader.BootLoader#getDefinedPackage,com.oracle.svm.core.jdk.Target_jdk_internal_loader_BootLoader#getDefinedPackage
'file:/E:/graalByIdea/lib/svm/builder/svm.jar',method,jdk.internal.loader.BootLoader#hasClassPath,com.oracle.svm.core.jdk.Target_jdk_internal_loader_BootLoader#hasClassPath
'file:/E:/graalByIdea/lib/svm/builder/svm.jar',method,jdk.internal.loader.BootLoader#loadClass,com.oracle.svm.core.jdk.Target_jdk_internal_loader_BootLoader#loadClass
'file:/E:/graalByIdea/lib/svm/builder/svm.jar',method,jdk.internal.loader.BootLoader#loadClassOrNull,com.oracle.svm.core.jdk.Target_jdk_internal_loader_BootLoader#loadClassOrNull
'file:/E:/graalByIdea/lib/svm/builder/svm.jar',method,jdk.internal.loader.BootLoader#loadLibrary,com.oracle.svm.core.jdk17.Target_jdk_internal_loader_BootLoader_JDK17OrLater#loadLibrary
'file:/E:/graalByIdea/lib/svm/builder/svm.jar',method,jdk.internal.loader.BootLoader#packages,com.oracle.svm.core.jdk.Target_jdk_internal_loader_BootLoader#packages
'file:/E:/graalByIdea/lib/svm/builder/svm.jar',method,jdk.internal.loader.BuiltinClassLoader#findClass,com.oracle.svm.core.jdk.Target_jdk_internal_loader_BuiltinClassLoader#findClass
'file:/E:/graalByIdea/lib/svm/builder/svm.jar',method,jdk.internal.loader.BuiltinClassLoader#findMiscResource,com.oracle.svm.core.jdk.Target_jdk_internal_loader_BuiltinClassLoader#findMiscResource
'file:/E:/graalByIdea/lib/svm/builder/svm.jar',method,jdk.internal.loader.BuiltinClassLoader#findResource,com.oracle.svm.core.jdk.Target_jdk_internal_loader_BuiltinClassLoader#findResource
'file:/E:/graalByIdea/lib/svm/builder/svm.jar',method,jdk.internal.loader.BuiltinClassLoader#findResourceAsStream,com.oracle.svm.core.jdk.Target_jdk_internal_loader_BuiltinClassLoader#findResourceAsStream
'file:/E:/graalByIdea/lib/svm/builder/svm.jar',method,jdk.internal.loader.BuiltinClassLoader#findResourceOnClassPath,com.oracle.svm.core.jdk.Target_jdk_internal_loader_BuiltinClassLoader#findResourceOnClassPath
'file:/E:/graalByIdea/lib/svm/builder/svm.jar',method,jdk.internal.loader.BuiltinClassLoader#findResources,com.oracle.svm.core.jdk.Target_jdk_internal_loader_BuiltinClassLoader#findResources
'file:/E:/graalByIdea/lib/svm/builder/svm.jar',method,jdk.internal.loader.BuiltinClassLoader#findResourcesOnClassPath,com.oracle.svm.core.jdk.Target_jdk_internal_loader_BuiltinClassLoader#findResourcesOnClassPath
'file:/E:/graalByIdea/lib/svm/builder/svm.jar',method,jdk.internal.loader.BuiltinClassLoader#loadClass,com.oracle.svm.core.jdk.Target_jdk_internal_loader_BuiltinClassLoader#loadClass
'file:/E:/graalByIdea/lib/svm/builder/svm.jar',method,jdk.internal.loader.Loader#findClass,com.oracle.svm.core.jdk.Target_jdk_internal_loader_Loader#findClass
'file:/E:/graalByIdea/lib/svm/builder/svm.jar',method,jdk.internal.loader.Loader#findClassInModuleOrNull,com.oracle.svm.core.jdk.Target_jdk_internal_loader_Loader#findClassInModuleOrNull
'file:/E:/graalByIdea/lib/svm/builder/svm.jar',method,jdk.internal.loader.Loader#findResource,com.oracle.svm.core.jdk.Target_jdk_internal_loader_Loader#findResource
'file:/E:/graalByIdea/lib/svm/builder/svm.jar',method,jdk.internal.loader.Loader#findResources,com.oracle.svm.core.jdk.Target_jdk_internal_loader_Loader#findResources
'file:/E:/graalByIdea/lib/svm/builder/svm.jar',method,jdk.internal.loader.Loader#findResourcesAsList,com.oracle.svm.core.jdk.Target_jdk_internal_loader_Loader#findResourcesAsList
'file:/E:/graalByIdea/lib/svm/builder/svm.jar',method,jdk.internal.loader.Loader#getResource,com.oracle.svm.core.jdk.Target_jdk_internal_loader_Loader#getResource
'file:/E:/graalByIdea/lib/svm/builder/svm.jar',method,jdk.internal.loader.Loader#getResources,com.oracle.svm.core.jdk.Target_jdk_internal_loader_Loader#getResources
'file:/E:/graalByIdea/lib/svm/builder/svm.jar',method,jdk.internal.loader.NativeLibraries#newInstance,com.oracle.svm.core.jdk17.Target_jdk_internal_loader_NativeLibraries_JDK17OrLater#newInstance
'file:/E:/graalByIdea/lib/svm/builder/svm.jar',method,jdk.internal.loader.URLClassPath#getResource,com.oracle.svm.core.jdk.Target_jdk_internal_loader_URLClassPath#getResource
'file:/E:/graalByIdea/lib/svm/builder/svm.jar',method,jdk.internal.loader.URLClassPath#getResources,com.oracle.svm.core.jdk.Target_jdk_internal_loader_URLClassPath#getResources
'file:/E:/graalByIdea/lib/svm/builder/svm.jar',method,jdk.internal.misc.Signal#handle0,com.oracle.svm.core.windows.Target_jdk_internal_misc_Signal#handle0
'file:/E:/graalByIdea/lib/svm/builder/svm.jar',method,jdk.internal.misc.Unsafe#addressSize,com.oracle.svm.core.jdk.Target_jdk_internal_misc_Unsafe_Core#addressSize
'file:/E:/graalByIdea/lib/svm/builder/svm.jar',method,jdk.internal.misc.Unsafe#allocateMemory0,com.oracle.svm.core.jdk.Target_jdk_internal_misc_Unsafe_Core#allocateMemory0
'file:/E:/graalByIdea/lib/svm/builder/svm.jar',method,jdk.internal.misc.Unsafe#arrayBaseOffset,com.oracle.svm.core.jdk.Target_jdk_internal_misc_Unsafe_Core#arrayBaseOffset
'file:/E:/graalByIdea/lib/svm/builder/svm.jar',method,jdk.internal.misc.Unsafe#arrayIndexScale,com.oracle.svm.core.jdk.Target_jdk_internal_misc_Unsafe_Core#arrayIndexScale
'file:/E:/graalByIdea/lib/svm/builder/svm.jar',method,jdk.internal.misc.Unsafe#copyMemory0,com.oracle.svm.core.jdk.Target_jdk_internal_misc_Unsafe_Core#copyMemory0
'file:/E:/graalByIdea/lib/svm/builder/svm.jar',method,jdk.internal.misc.Unsafe#copySwapMemory0,com.oracle.svm.core.jdk.Target_jdk_internal_misc_Unsafe_Core#copySwapMemory0
'file:/E:/graalByIdea/lib/svm/builder/svm.jar',method,jdk.internal.misc.Unsafe#defineClass,com.oracle.svm.core.jdk.Target_jdk_internal_misc_Unsafe_Core#defineClass
'file:/E:/graalByIdea/lib/svm/builder/svm.jar',method,jdk.internal.misc.Unsafe#defineClass0,com.oracle.svm.core.jdk.Target_jdk_internal_misc_Unsafe_Core#defineClass0
'file:/E:/graalByIdea/lib/svm/builder/svm.jar',method,jdk.internal.misc.Unsafe#ensureClassInitialized,com.oracle.svm.core.jdk.Target_jdk_internal_misc_Unsafe_Core#ensureClassInitialized
'file:/E:/graalByIdea/lib/svm/builder/svm.jar',method,jdk.internal.misc.Unsafe#freeMemory0,com.oracle.svm.core.jdk.Target_jdk_internal_misc_Unsafe_Core#freeMemory0
'file:/E:/graalByIdea/lib/svm/builder/svm.jar',method,jdk.internal.misc.Unsafe#fullFence,com.oracle.svm.core.jdk.Target_jdk_internal_misc_Unsafe_Core#fullFence
'file:/E:/graalByIdea/lib/svm/builder/svm.jar',method,jdk.internal.misc.Unsafe#getLoadAverage0,com.oracle.svm.core.jdk.Target_jdk_internal_misc_Unsafe_Core#getLoadAverage0
'file:/E:/graalByIdea/lib/svm/builder/svm.jar',method,jdk.internal.misc.Unsafe#loadFence,com.oracle.svm.core.jdk.Target_jdk_internal_misc_Unsafe_Core#loadFence
'file:/E:/graalByIdea/lib/svm/builder/svm.jar',method,jdk.internal.misc.Unsafe#objectFieldOffset,com.oracle.svm.core.reflect.target.Target_jdk_internal_misc_Unsafe_Reflection#objectFieldOffset
'file:/E:/graalByIdea/lib/svm/builder/svm.jar',method,jdk.internal.misc.Unsafe#pageSize,com.oracle.svm.core.jdk.Target_jdk_internal_misc_Unsafe_Core#pageSize
'file:/E:/graalByIdea/lib/svm/builder/svm.jar',method,jdk.internal.misc.Unsafe#park,com.oracle.svm.core.thread.Target_jdk_internal_misc_Unsafe_JavaThreads#park
'file:/E:/graalByIdea/lib/svm/builder/svm.jar',method,jdk.internal.misc.Unsafe#reallocateMemory0,com.oracle.svm.core.jdk.Target_jdk_internal_misc_Unsafe_Core#reallocateMemory0
'file:/E:/graalByIdea/lib/svm/builder/svm.jar',method,jdk.internal.misc.Unsafe#setMemory0,com.oracle.svm.core.jdk.Target_jdk_internal_misc_Unsafe_Core#setMemory0
'file:/E:/graalByIdea/lib/svm/builder/svm.jar',method,jdk.internal.misc.Unsafe#shouldBeInitialized,com.oracle.svm.core.jdk.Target_jdk_internal_misc_Unsafe_Core#shouldBeInitialized
'file:/E:/graalByIdea/lib/svm/builder/svm.jar',method,jdk.internal.misc.Unsafe#staticFieldBase,com.oracle.svm.core.reflect.target.Target_jdk_internal_misc_Unsafe_Reflection#staticFieldBase
'file:/E:/graalByIdea/lib/svm/builder/svm.jar',method,jdk.internal.misc.Unsafe#staticFieldOffset,com.oracle.svm.core.reflect.target.Target_jdk_internal_misc_Unsafe_Reflection#staticFieldOffset
'file:/E:/graalByIdea/lib/svm/builder/svm.jar',method,jdk.internal.misc.Unsafe#storeFence,com.oracle.svm.core.jdk.Target_jdk_internal_misc_Unsafe_Core#storeFence
'file:/E:/graalByIdea/lib/svm/builder/svm.jar',method,jdk.internal.misc.Unsafe#throwException,com.oracle.svm.core.jdk.Target_jdk_internal_misc_Unsafe_Core#throwException
'file:/E:/graalByIdea/lib/svm/builder/svm.jar',method,jdk.internal.misc.Unsafe#unpark,com.oracle.svm.core.thread.Target_jdk_internal_misc_Unsafe_JavaThreads#unpark
'file:/E:/graalByIdea/lib/svm/builder/svm.jar',method,jdk.internal.misc.VM#getSavedProperty,com.oracle.svm.core.jdk.Target_jdk_internal_misc_VM#getSavedProperty
'file:/E:/graalByIdea/lib/svm/builder/svm.jar',method,jdk.internal.misc.VM#latestUserDefinedLoader0,com.oracle.svm.core.jdk.Target_jdk_internal_misc_VM#latestUserDefinedLoader0
'file:/E:/graalByIdea/lib/svm/builder/svm.jar',method,jdk.internal.module.SystemModuleFinders$SystemImage#reader,com.oracle.svm.core.jdk.Target_jdk_internal_module_SystemModuleFinders_SystemImage_JRTDisabled#reader
'file:/E:/graalByIdea/lib/svm/builder/svm.jar',method,jdk.internal.perf.Perf#attach,com.oracle.svm.core.jvmstat.Target_jdk_internal_perf_Perf#attachJDK19
'file:/E:/graalByIdea/lib/svm/builder/svm.jar',method,jdk.internal.perf.Perf#createByteArray,com.oracle.svm.core.jvmstat.Target_jdk_internal_perf_Perf#createByteArray
'file:/E:/graalByIdea/lib/svm/builder/svm.jar',method,jdk.internal.perf.Perf#createLong,com.oracle.svm.core.jvmstat.Target_jdk_internal_perf_Perf#createLong
'file:/E:/graalByIdea/lib/svm/builder/svm.jar',method,jdk.internal.perf.Perf#detach,com.oracle.svm.core.jvmstat.Target_jdk_internal_perf_Perf#detach
'file:/E:/graalByIdea/lib/svm/builder/svm.jar',method,jdk.internal.perf.Perf#highResCounter,com.oracle.svm.core.jvmstat.Target_jdk_internal_perf_Perf#highResCounter
'file:/E:/graalByIdea/lib/svm/builder/svm.jar',method,jdk.internal.perf.Perf#highResFrequency,com.oracle.svm.core.jvmstat.Target_jdk_internal_perf_Perf#highResFrequency
'file:/E:/graalByIdea/lib/svm/builder/svm.jar',method,jdk.internal.perf.Perf#registerNatives,com.oracle.svm.core.jvmstat.Target_jdk_internal_perf_Perf#registerNatives
'file:/E:/graalByIdea/lib/svm/builder/svm.jar',method,jdk.internal.perf.PerfCounter#add,com.oracle.svm.core.jvmstat.Target_jdk_internal_perf_PerfCounter#add
'file:/E:/graalByIdea/lib/svm/builder/svm.jar',method,jdk.internal.perf.PerfCounter#get,com.oracle.svm.core.jvmstat.Target_jdk_internal_perf_PerfCounter#get
'file:/E:/graalByIdea/lib/svm/builder/svm.jar',method,jdk.internal.perf.PerfCounter#set,com.oracle.svm.core.jvmstat.Target_jdk_internal_perf_PerfCounter#set
'file:/E:/graalByIdea/lib/svm/builder/svm.jar',method,jdk.internal.ref.CleanerImpl#run,com.oracle.svm.core.heap.Target_jdk_internal_ref_CleanerImpl#run
'file:/E:/graalByIdea/lib/svm/builder/svm.jar',method,jdk.internal.reflect.ConstantPool#getClassAt,com.oracle.svm.core.reflect.Target_jdk_internal_reflect_ConstantPool#getClassAt
'file:/E:/graalByIdea/lib/svm/builder/svm.jar',method,jdk.internal.reflect.ConstantPool#getClassAtIfLoaded,com.oracle.svm.core.reflect.Target_jdk_internal_reflect_ConstantPool#getClassAtIfLoaded
'file:/E:/graalByIdea/lib/svm/builder/svm.jar',method,jdk.internal.reflect.ConstantPool#getClassRefIndexAt,com.oracle.svm.core.reflect.Target_jdk_internal_reflect_ConstantPool#getClassRefIndexAt
'file:/E:/graalByIdea/lib/svm/builder/svm.jar',method,jdk.internal.reflect.ConstantPool#getDoubleAt,com.oracle.svm.core.reflect.Target_jdk_internal_reflect_ConstantPool#getDoubleAt
'file:/E:/graalByIdea/lib/svm/builder/svm.jar',method,jdk.internal.reflect.ConstantPool#getFieldAt,com.oracle.svm.core.reflect.Target_jdk_internal_reflect_ConstantPool#getFieldAt
'file:/E:/graalByIdea/lib/svm/builder/svm.jar',method,jdk.internal.reflect.ConstantPool#getFieldAtIfLoaded,com.oracle.svm.core.reflect.Target_jdk_internal_reflect_ConstantPool#getFieldAtIfLoaded
'file:/E:/graalByIdea/lib/svm/builder/svm.jar',method,jdk.internal.reflect.ConstantPool#getFloatAt,com.oracle.svm.core.reflect.Target_jdk_internal_reflect_ConstantPool#getFloatAt
'file:/E:/graalByIdea/lib/svm/builder/svm.jar',method,jdk.internal.reflect.ConstantPool#getIntAt,com.oracle.svm.core.reflect.Target_jdk_internal_reflect_ConstantPool#getIntAt
'file:/E:/graalByIdea/lib/svm/builder/svm.jar',method,jdk.internal.reflect.ConstantPool#getLongAt,com.oracle.svm.core.reflect.Target_jdk_internal_reflect_ConstantPool#getLongAt
'file:/E:/graalByIdea/lib/svm/builder/svm.jar',method,jdk.internal.reflect.ConstantPool#getMemberRefInfoAt,com.oracle.svm.core.reflect.Target_jdk_internal_reflect_ConstantPool#getMemberRefInfoAt
'file:/E:/graalByIdea/lib/svm/builder/svm.jar',method,jdk.internal.reflect.ConstantPool#getMethodAt,com.oracle.svm.core.reflect.Target_jdk_internal_reflect_ConstantPool#getMethodAt
'file:/E:/graalByIdea/lib/svm/builder/svm.jar',method,jdk.internal.reflect.ConstantPool#getMethodAtIfLoaded,com.oracle.svm.core.reflect.Target_jdk_internal_reflect_ConstantPool#getMethodAtIfLoaded
'file:/E:/graalByIdea/lib/svm/builder/svm.jar',method,jdk.internal.reflect.ConstantPool#getNameAndTypeRefIndexAt,com.oracle.svm.core.reflect.Target_jdk_internal_reflect_ConstantPool#getNameAndTypeRefIndexAt
'file:/E:/graalByIdea/lib/svm/builder/svm.jar',method,jdk.internal.reflect.ConstantPool#getNameAndTypeRefInfoAt,com.oracle.svm.core.reflect.Target_jdk_internal_reflect_ConstantPool#getNameAndTypeRefInfoAt
'file:/E:/graalByIdea/lib/svm/builder/svm.jar',method,jdk.internal.reflect.ConstantPool#getSize,com.oracle.svm.core.reflect.Target_jdk_internal_reflect_ConstantPool#getSize
'file:/E:/graalByIdea/lib/svm/builder/svm.jar',method,jdk.internal.reflect.ConstantPool#getStringAt,com.oracle.svm.core.reflect.Target_jdk_internal_reflect_ConstantPool#getStringAt
'file:/E:/graalByIdea/lib/svm/builder/svm.jar',method,jdk.internal.reflect.ConstantPool#getTagAt,com.oracle.svm.core.reflect.Target_jdk_internal_reflect_ConstantPool#getTagAt
'file:/E:/graalByIdea/lib/svm/builder/svm.jar',method,jdk.internal.reflect.ConstantPool#getUTF8At,com.oracle.svm.core.reflect.Target_jdk_internal_reflect_ConstantPool#getUTF8At
'file:/E:/graalByIdea/lib/svm/builder/svm.jar',method,jdk.internal.reflect.MethodAccessorGenerator#generateSerializationConstructor,com.oracle.svm.core.reflect.target.Target_jdk_internal_reflect_MethodAccessorGenerator#generateSerializationConstructor
'file:/E:/graalByIdea/lib/svm/builder/svm.jar',method,jdk.internal.reflect.Reflection#areNestMates,com.oracle.svm.core.jdk.Target_jdk_internal_reflect_Reflection#areNestMates
'file:/E:/graalByIdea/lib/svm/builder/svm.jar',method,jdk.internal.reflect.Reflection#getCallerClass,com.oracle.svm.core.jdk.Target_jdk_internal_reflect_Reflection#getCallerClass
'file:/E:/graalByIdea/lib/svm/builder/svm.jar',method,jdk.internal.reflect.Reflection#getClassAccessFlags,com.oracle.svm.core.jdk.Target_jdk_internal_reflect_Reflection#getClassAccessFlags
'file:/E:/graalByIdea/lib/svm/builder/svm.jar',method,jdk.internal.reflect.ReflectionFactory#getReflectionFactory,com.oracle.svm.core.hub.Target_jdk_internal_reflect_ReflectionFactory#getReflectionFactory
'file:/E:/graalByIdea/lib/svm/builder/svm.jar',method,jdk.internal.reflect.ReflectionFactory#useFieldHandleAccessor,com.oracle.svm.core.hub.Target_jdk_internal_reflect_ReflectionFactory#useFieldHandleAccessor
'file:/E:/graalByIdea/lib/svm/builder/svm.jar',method,jdk.internal.util.StaticProperty#fileEncoding,com.oracle.svm.core.jdk.Target_jdk_internal_util_StaticProperty#fileEncoding
'file:/E:/graalByIdea/lib/svm/builder/svm.jar',method,jdk.internal.util.StaticProperty#javaHome,com.oracle.svm.core.jdk.Target_jdk_internal_util_StaticProperty#javaHome
'file:/E:/graalByIdea/lib/svm/builder/svm.jar',method,jdk.internal.util.StaticProperty#javaIoTmpDir,com.oracle.svm.core.jdk.Target_jdk_internal_util_StaticProperty#javaIoTmpDir
'file:/E:/graalByIdea/lib/svm/builder/svm.jar',method,jdk.internal.util.StaticProperty#javaLibraryPath,com.oracle.svm.core.jdk.Target_jdk_internal_util_StaticProperty#javaLibraryPath
'file:/E:/graalByIdea/lib/svm/builder/svm.jar',method,jdk.internal.util.StaticProperty#javaPropertiesDate,com.oracle.svm.core.jdk.Target_jdk_internal_util_StaticProperty#javaPropertiesDate
'file:/E:/graalByIdea/lib/svm/builder/svm.jar',method,jdk.internal.util.StaticProperty#jdkSerialFilter,com.oracle.svm.core.jdk.Target_jdk_internal_util_StaticProperty#jdkSerialFilter
'file:/E:/graalByIdea/lib/svm/builder/svm.jar',method,jdk.internal.util.StaticProperty#jdkSerialFilterFactory,com.oracle.svm.core.jdk.Target_jdk_internal_util_StaticProperty#jdkSerialFilterFactory
'file:/E:/graalByIdea/lib/svm/builder/svm.jar',method,jdk.internal.util.StaticProperty#jnuCharset,com.oracle.svm.core.jdk.Target_jdk_internal_util_StaticProperty#jnuCharset
'file:/E:/graalByIdea/lib/svm/builder/svm.jar',method,jdk.internal.util.StaticProperty#jnuEncoding,com.oracle.svm.core.jdk.Target_jdk_internal_util_StaticProperty#jnuEncoding
'file:/E:/graalByIdea/lib/svm/builder/svm.jar',method,jdk.internal.util.StaticProperty#nativeEncoding,com.oracle.svm.core.jdk.Target_jdk_internal_util_StaticProperty#nativeEncoding
'file:/E:/graalByIdea/lib/svm/builder/svm.jar',method,jdk.internal.util.StaticProperty#sunBootLibraryPath,com.oracle.svm.core.jdk.Target_jdk_internal_util_StaticProperty#sunBootLibraryPath
'file:/E:/graalByIdea/lib/svm/builder/svm.jar',method,jdk.internal.util.StaticProperty#userDir,com.oracle.svm.core.jdk.Target_jdk_internal_util_StaticProperty#userDir
'file:/E:/graalByIdea/lib/svm/builder/svm.jar',method,jdk.internal.util.StaticProperty#userHome,com.oracle.svm.core.jdk.Target_jdk_internal_util_StaticProperty#userHome
'file:/E:/graalByIdea/lib/svm/builder/svm.jar',method,jdk.internal.util.StaticProperty#userName,com.oracle.svm.core.jdk.Target_jdk_internal_util_StaticProperty#userName
'file:/E:/graalByIdea/lib/svm/builder/svm.jar',method,jdk.internal.vm.Continuation#pin,com.oracle.svm.core.thread.Target_jdk_internal_vm_Continuation__WithoutLoom#pin
'file:/E:/graalByIdea/lib/svm/builder/svm.jar',method,jdk.internal.vm.Continuation#unpin,com.oracle.svm.core.thread.Target_jdk_internal_vm_Continuation__WithoutLoom#unpin
'file:/E:/graalByIdea/lib/svm/builder/svm.jar',method,jdk.internal.vm.Continuation#yield,com.oracle.svm.core.thread.Target_jdk_internal_vm_Continuation__WithoutLoom#yield
'file:/E:/graalByIdea/lib/svm/builder/svm.jar',method,jdk.internal.vm.ThreadContainers#deregisterContainer,com.oracle.svm.core.thread.Target_jdk_internal_vm_ThreadContainers#deregisterContainer
'file:/E:/graalByIdea/lib/svm/builder/svm.jar',method,jdk.internal.vm.ThreadContainers#registerContainer,com.oracle.svm.core.thread.Target_jdk_internal_vm_ThreadContainers#registerContainer
'file:/E:/graalByIdea/lib/svm/builder/svm.jar',method,jdk.vm.ci.services.Services#getSavedProperties,com.oracle.svm.core.jdk.Target_jdk_vm_ci_services_Services#getSavedProperties
'file:/E:/graalByIdea/lib/svm/builder/svm.jar',method,org.graalvm.nativeimage.c.function.CEntryPointLiteral#getFunctionPointer,com.oracle.svm.core.c.Target_org_graalvm_nativeimage_c_function_CEntryPointLiteral#getFunctionPointer
'file:/E:/graalByIdea/lib/svm/builder/svm.jar',method,sun.management.BaseOperatingSystemImpl#getArch,com.oracle.svm.core.jdk.management.Target_sun_management_BaseOperatingSystemImpl#getArch
'file:/E:/graalByIdea/lib/svm/builder/svm.jar',method,sun.management.BaseOperatingSystemImpl#getAvailableProcessors,com.oracle.svm.core.jdk.management.Target_sun_management_BaseOperatingSystemImpl#getAvailableProcessors
'file:/E:/graalByIdea/lib/svm/builder/svm.jar',method,sun.management.BaseOperatingSystemImpl#getName,com.oracle.svm.core.jdk.management.Target_sun_management_BaseOperatingSystemImpl#getName
'file:/E:/graalByIdea/lib/svm/builder/svm.jar',method,sun.management.BaseOperatingSystemImpl#getVersion,com.oracle.svm.core.jdk.management.Target_sun_management_BaseOperatingSystemImpl#getVersion
'file:/E:/graalByIdea/lib/svm/builder/svm.jar',method,sun.net.www.protocol.jrt.Handler#openConnection,com.oracle.svm.core.jdk.Target_sun_net_www_protocol_jrt_Handler_JRTDisabled#openConnection
'file:/E:/graalByIdea/lib/svm/builder/svm.jar',method,sun.nio.ch.Util#newMappedByteBuffer,com.oracle.svm.core.jdk17.Target_sun_nio_ch_Util_JDK17OrLater#newMappedByteBuffer
'file:/E:/graalByIdea/lib/svm/builder/svm.jar',method,sun.nio.ch.Util#newMappedByteBufferR,com.oracle.svm.core.jdk17.Target_sun_nio_ch_Util_JDK17OrLater#newMappedByteBufferR
'file:/E:/graalByIdea/lib/svm/builder/svm.jar',method,sun.reflect.annotation.AnnotationInvocationHandler#memberValueToString,com.oracle.svm.core.reflect.target.Target_sun_reflect_annotation_AnnotationInvocationHandler#memberValueToString
'file:/E:/graalByIdea/lib/svm/builder/svm.jar',method,sun.reflect.annotation.AnnotationParser#parseAnnotation2,com.oracle.svm.core.reflect.target.Target_sun_reflect_annotation_AnnotationParser#parseAnnotation2
'file:/E:/graalByIdea/lib/svm/builder/svm.jar',method,sun.reflect.annotation.AnnotationParser#parseBooleanArray,com.oracle.svm.core.reflect.target.Target_sun_reflect_annotation_AnnotationParser#parseBooleanArray
'file:/E:/graalByIdea/lib/svm/builder/svm.jar',method,sun.reflect.annotation.AnnotationParser#parseByteArray,com.oracle.svm.core.reflect.target.Target_sun_reflect_annotation_AnnotationParser#parseByteArray
'file:/E:/graalByIdea/lib/svm/builder/svm.jar',method,sun.reflect.annotation.AnnotationParser#parseCharArray,com.oracle.svm.core.reflect.target.Target_sun_reflect_annotation_AnnotationParser#parseCharArray
'file:/E:/graalByIdea/lib/svm/builder/svm.jar',method,sun.reflect.annotation.AnnotationParser#parseClassValue,com.oracle.svm.core.reflect.target.Target_sun_reflect_annotation_AnnotationParser#parseClassValue
'file:/E:/graalByIdea/lib/svm/builder/svm.jar',method,sun.reflect.annotation.AnnotationParser#parseConst,com.oracle.svm.core.reflect.target.Target_sun_reflect_annotation_AnnotationParser#parseConst
'file:/E:/graalByIdea/lib/svm/builder/svm.jar',method,sun.reflect.annotation.AnnotationParser#parseDoubleArray,com.oracle.svm.core.reflect.target.Target_sun_reflect_annotation_AnnotationParser#parseDoubleArray
'file:/E:/graalByIdea/lib/svm/builder/svm.jar',method,sun.reflect.annotation.AnnotationParser#parseEnumValue,com.oracle.svm.core.reflect.target.Target_sun_reflect_annotation_AnnotationParser#parseEnumValue
'file:/E:/graalByIdea/lib/svm/builder/svm.jar',method,sun.reflect.annotation.AnnotationParser#parseFloatArray,com.oracle.svm.core.reflect.target.Target_sun_reflect_annotation_AnnotationParser#parseFloatArray
'file:/E:/graalByIdea/lib/svm/builder/svm.jar',method,sun.reflect.annotation.AnnotationParser#parseIntArray,com.oracle.svm.core.reflect.target.Target_sun_reflect_annotation_AnnotationParser#parseIntArray
'file:/E:/graalByIdea/lib/svm/builder/svm.jar',method,sun.reflect.annotation.AnnotationParser#parseLongArray,com.oracle.svm.core.reflect.target.Target_sun_reflect_annotation_AnnotationParser#parseLongArray
'file:/E:/graalByIdea/lib/svm/builder/svm.jar',method,sun.reflect.annotation.AnnotationParser#parseShortArray,com.oracle.svm.core.reflect.target.Target_sun_reflect_annotation_AnnotationParser#parseShortArray
'file:/E:/graalByIdea/lib/svm/builder/svm.jar',method,sun.reflect.annotation.AnnotationParser#parseStringArray,com.oracle.svm.core.reflect.target.Target_sun_reflect_annotation_AnnotationParser#parseStringArray
'file:/E:/graalByIdea/lib/svm/builder/svm.jar',method,sun.reflect.annotation.AnnotationParser#skipAnnotation,com.oracle.svm.core.reflect.target.Target_sun_reflect_annotation_AnnotationParser#skipAnnotation
'file:/E:/graalByIdea/lib/svm/builder/svm.jar',method,sun.reflect.annotation.AnnotationParser#skipMemberValue,com.oracle.svm.core.reflect.target.Target_sun_reflect_annotation_AnnotationParser#skipMemberValue
'file:/E:/graalByIdea/lib/svm/builder/svm.jar',method,sun.reflect.generics.reflectiveObjects.TypeVariableImpl#getGenericDeclaration,com.oracle.svm.core.hub.Target_sun_reflect_generics_reflectiveObjects_TypeVariableImpl#getGenericDeclaration
'file:/E:/graalByIdea/lib/svm/builder/svm.jar',method,sun.security.jca.ProviderConfig#doLoadProvider,com.oracle.svm.core.jdk.Target_sun_security_jca_ProviderConfig#doLoadProvider
'file:/E:/graalByIdea/lib/svm/builder/svm.jar',method,sun.security.ssl.TrustStoreManager#getTrustedCerts,com.oracle.svm.core.jdk.Target_sun_security_ssl_TrustStoreManager#getTrustedCerts
'file:/E:/graalByIdea/lib/svm/builder/svm.jar',method,sun.security.ssl.TrustStoreManager#getTrustedKeyStore,com.oracle.svm.core.jdk.Target_sun_security_ssl_TrustStoreManager#getTrustedKeyStore
'file:/E:/graalByIdea/lib/svm/builder/svm.jar',method,sun.util.calendar.CalendarSystem#forName,com.oracle.svm.core.jdk.Target_sun_util_calendar_CalendarSystem#forName
'file:/E:/graalByIdea/lib/svm/builder/svm.jar',method,sun.util.locale.provider.JRELocaleProviderAdapter#createLanguageTagSet,com.oracle.svm.core.jdk.localization.substitutions.Target_sun_util_locale_provider_JRELocaleProviderAdapter#createLanguageTagSet
'file:/E:/graalByIdea/lib/svm/builder/svm.jar',method,sun.util.locale.provider.LocaleServiceProviderPool#getAllAvailableLocales,com.oracle.svm.core.jdk.localization.substitutions.Target_sun_util_locale_provider_LocaleServiceProviderPool_JvmLocaleMode#getAllAvailableLocales
'file:/E:/graalByIdea/lib/svm/builder/svm.jar',method,sun.util.locale.provider.LocaleServiceProviderPool#getAvailableLocales,com.oracle.svm.core.jdk.localization.substitutions.Target_sun_util_locale_provider_LocaleServiceProviderPool_JvmLocaleMode#getAvailableLocales
'file:/E:/graalByIdea/lib/svm/builder/svm.jar',method,sun.util.resources.OpenListResourceBundle#loadLookup,com.oracle.svm.core.jdk.localization.substitutions.Target_sun_util_resources_OpenListResourceBundle_SubstituteLoadLookup#loadLookup
'file:/E:/graalByIdea/lib/svm/builder/svm.jar',method,sun.util.resources.ParallelListResourceBundle#areParallelContentsComplete,com.oracle.svm.core.jdk.localization.substitutions.Target_sun_util_resources_ParallelListResourceBundle_SubstituteLoadLookup#areParallelContentsComplete
'file:/E:/graalByIdea/lib/svm/builder/svm.jar',method,sun.util.resources.ParallelListResourceBundle#loadLookupTablesIfNecessary,com.oracle.svm.core.jdk.localization.substitutions.Target_sun_util_resources_ParallelListResourceBundle_SubstituteLoadLookup#loadLookupTablesIfNecessary
'file:/E:/graalByIdea/lib/svm/builder/svm.jar',method,sun.util.resources.ParallelListResourceBundle#setParallelContents,com.oracle.svm.core.jdk.localization.substitutions.Target_sun_util_resources_ParallelListResourceBundle_SubstituteLoadLookup#setParallelContents
'unknown',method,java.lang.invoke.MethodHandle#invokeBasic,java.lang.invoke.MethodHandle#invokeBasic
